listing_url,listing_id,title,zone_raw,zone,zone_source,price_raw,price_usd,precio_no_evaluable,precio_no_evaluable_motivo,bedrooms,bathrooms,area_m2,operation,source,scraped_at
https://www.inmopanama.com/venta-de-apartamento-en-ph-carreras-el-carmen_p-143196.htm,143196,"Venta de apartamento en PH Carreras, El Carmen",El Carmen,Bella Vista,zone_raw_barrio_mapeado,"$200,000",200000,False,,2,2,84,venta,inmopanama.com,2026-07-03 00:06:23
https://www.inmopanama.com/lujoso-loft-frente-al-mar-avenida-balboa_p-143181.htm,143181,Lujoso Loft - Frente al Mar  Avenida Balboa,Bella Vista,Bella Vista,zone_raw,"$550,000",550000,False,,3,2,280,venta,inmopanama.com,2026-07-03 00:06:23
https://www.inmopanama.com/venta-de-apartamento-en-bella-vista-195-m2_p-143172.htm,143172,"Venta de apartamento en Bella Vista, 195 m2",Bella Vista,Bella Vista,zone_raw,"$448,000",448000,False,,3,3,195,venta,inmopanama.com,2026-07-03 00:06:23
https://www.inmopanama.com/obarrio-apartamento-en-venta_p-143139.htm,143139,Obarrio apartamento en venta,Obarrio,Obarrio,zone_raw,"$199,000",199000,False,,3,2,128,venta,inmopanama.com,2026-07-03 00:06:23
https://www.inmopanama.com/venta-de-apartamento-en-ph-vall-halla-el-carmen-bella-vista_p-143472.htm,143472,"Venta de Apartamento en PH Vall Halla  El Carmen, Bella Vista",Bella Vista,Bella Vista,zone_raw,"$200,000",200000,False,,3,2,175,venta,inmopanama.com,2026-07-03 00:06:23
https://www.inmopanama.com/centro-obarrio-apartamento-de-3-habitaciones-con-vista-panoramica_p-143468.htm,143468,"Centro Obarrio, Apartamento de 3 Habitaciones con Vista Panorámica",Obarrio,Obarrio,zone_raw,"$297,065",297065,False,,1,2,62,venta,inmopanama.com,2026-07-03 00:06:23
https://www.inmopanama.com/venta-de-apartamento-en-ph-miyaki-obarrio_p-143474.htm,143474,"Venta de apartamento en PH Miyaki, Obarrio",Obarrio,Obarrio,zone_raw,"$155,000",155000,False,,3,3,117,venta,inmopanama.com,2026-07-03 00:06:23
https://www.inmopanama.com/venta-de-apartamento-en-ph-quadrat-san-francisco_p-143473.htm,143473,Venta de Apartamento en PH Quadrat  San Francisco,El Carmen,Bella Vista,zone_raw_barrio_mapeado,"$248,000",248000,False,,2,2,138,venta,inmopanama.com,2026-07-03 00:06:23
https://www.inmopanama.com/venta-de-apartamento-en-bella-vista_p-136390.htm,136390,Venta de apartamento en Bella Vista,Bella Vista,Bella Vista,zone_raw,"$189,000",189000,False,,1,1,60,venta,inmopanama.com,2026-07-03 00:06:23
https://www.inmopanama.com/venta-de-apartamento-en-bella-vista-panama_p-136683.htm,136683,"Venta de apartamento en Bella Vista, Panamá",Bella Vista,Bella Vista,zone_raw,"$375,000",375000,False,,4,5,1929,venta,inmopanama.com,2026-07-03 00:06:24
https://www.inmopanama.com/venta-de-apartamento-de-lujo-bella-vista_p-137269.htm,137269,Venta de Apartamento de Lujo  Bella Vista,Bella Vista,Bella Vista,zone_raw,"$470,000",470000,False,,2,1,129,venta,inmopanama.com,2026-07-03 00:06:24
https://www.inmopanama.com/venta-de-apartamento-en-bella-vista-panama_p-136394.htm,136394,"Venta de Apartamento en Bella Vista, Panamá",Bella Vista,Bella Vista,zone_raw,"$210,000",210000,False,,3,2,66,venta,inmopanama.com,2026-07-03 00:06:24
https://www.inmopanama.com/venta-de-apartamento-en-ph-torre-cerromar-bella-vista_p-136077.htm,136077,"Venta de apartamento en PH Torre Cerromar, Bella Vista",Bella Vista,Bella Vista,zone_raw,"$387,000",387000,False,,4,5,331,venta,inmopanama.com,2026-07-03 00:06:24
https://www.inmopanama.com/venta-de-apartamento-en-bella-vista_p-139353.htm,139353,Venta de Apartamento en Bella Vista,Bella Vista,Bella Vista,zone_raw,"$210,000",210000,False,,2,2,92,venta,inmopanama.com,2026-07-03 00:06:24
https://www.inmopanama.com/apartamento-en-venta-en-bella-vista_p-139984.htm,139984,Apartamento en Venta en Bella Vista,Bella Vista,Bella Vista,zone_raw,"$382,335",382335,False,,3,2,108,venta,inmopanama.com,2026-07-03 00:06:24
https://www.inmopanama.com/apartamento-en-venta-en-bella-vista_p-139985.htm,139985,Apartamento en Venta en Bella Vista,Bella Vista,Bella Vista,zone_raw,"$280,800",280800,False,,2,2,78,venta,inmopanama.com,2026-07-03 00:06:24
https://www.inmopanama.com/apartamento-en-venta-en-bella-vista_p-139986.htm,139986,Apartamento en Venta en Bella Vista,Bella Vista,Bella Vista,zone_raw,"$237,600",237600,False,,2,2,66,venta,inmopanama.com,2026-07-03 00:06:24
https://www.inmopanama.com/apartamento-en-venta-en-bella-vista_p-139987.htm,139987,Apartamento en Venta en Bella Vista,Bella Vista,Bella Vista,zone_raw,"$199,800",199800,False,,1,1,54,venta,inmopanama.com,2026-07-03 00:06:24
https://www.inmopanama.com/apartamento-en-venta-en-bella-vista_p-139991.htm,139991,Apartamento en Venta en Bella Vista,Bella Vista,Bella Vista,zone_raw,"$185,000",185000,False,,1,1,48,venta,inmopanama.com,2026-07-03 00:06:24
https://www.inmopanama.com/venta-de-apartamento-en-avenida-balboa_p-140000.htm,140000,Venta de Apartamento en Avenida Balboa,Bella Vista,Bella Vista,zone_raw,"$151,305",151305,False,,1,1,45,venta,inmopanama.com,2026-07-03 00:06:24
https://www.inmopanama.com/venta-de-apartamento-en-avenida-balboa_p-140001.htm,140001,Venta de Apartamento en Avenida Balboa,Bella Vista,Bella Vista,zone_raw,"$156,090",156090,False,,1,1,47,venta,inmopanama.com,2026-07-03 00:06:28
https://www.inmopanama.com/venta-de-apartamento-en-avenida-balboa_p-140002.htm,140002,Venta de Apartamento en Avenida Balboa,Bella Vista,Bella Vista,zone_raw,"$188,265",188265,False,,1,1,57,venta,inmopanama.com,2026-07-03 00:06:28
https://www.inmopanama.com/apartamento-en-venta-en-bella-vista_p-140025.htm,140025,Apartamento en Venta en Bella Vista,Bella Vista,Bella Vista,zone_raw,"$448,000",448000,False,,3,3,195,venta,inmopanama.com,2026-07-03 00:06:29
https://www.inmopanama.com/apartamento-en-venta-en-bella-vista_p-140028.htm,140028,Apartamento en Venta en Bella Vista,Bella Vista,Bella Vista,zone_raw,"$448,000",448000,False,,3,3,195,venta,inmopanama.com,2026-07-03 00:06:29
https://www.inmopanama.com/apartamento-en-venta-en-bella-vista_p-140038.htm,140038,Apartamento en Venta en Bella Vista,Bella Vista,Bella Vista,zone_raw,"$315,950",315950,False,,3,2,88,venta,inmopanama.com,2026-07-03 00:06:29
https://www.inmopanama.com/apartamento-en-venta-en-bella-vista_p-140039.htm,140039,Apartamento en Venta en Bella Vista,Bella Vista,Bella Vista,zone_raw,"$231,000",231000,False,,2,2,66,venta,inmopanama.com,2026-07-03 00:06:29
https://www.inmopanama.com/apartamento-en-venta-en-bella-vista_p-140040.htm,140040,Apartamento en Venta en Bella Vista,Bella Vista,Bella Vista,zone_raw,"$120,000",120000,False,,1,1,40,venta,inmopanama.com,2026-07-03 00:06:29
https://www.inmopanama.com/apartamento-en-venta-en-bella-vista_p-140041.htm,140041,Apartamento en Venta en Bella Vista,Bella Vista,Bella Vista,zone_raw,"$199,500",199500,False,,1,1,52,venta,inmopanama.com,2026-07-03 00:06:29
https://www.inmopanama.com/apartamento-en-venta-en-bella-vista_p-140042.htm,140042,Apartamento en Venta en Bella Vista,Bella Vista,Bella Vista,zone_raw,"$103,000",103000,False,,1,1,33,venta,inmopanama.com,2026-07-03 00:06:29
https://www.inmopanama.com/apartamento-en-venta-en-bella-vista_p-140043.htm,140043,Apartamento en Venta en Bella Vista,Bella Vista,Bella Vista,zone_raw,"$104,500",104500,False,,1,1,33,venta,inmopanama.com,2026-07-03 00:06:29
https://www.inmopanama.com/apartamento-en-venta-en-bella-vista_p-140075.htm,140075,Apartamento en Venta en Bella Vista,Bella Vista,Bella Vista,zone_raw,"$260,000",260000,False,,2,1,68,venta,inmopanama.com,2026-07-03 00:06:29
https://www.inmopanama.com/apartamento-en-venta-en-bella-vista_p-140076.htm,140076,Apartamento en Venta en Bella Vista,Bella Vista,Bella Vista,zone_raw,"$206,500",206500,False,,1,1,54,venta,inmopanama.com,2026-07-03 00:06:29
https://www.inmopanama.com/apartamento-en-venta-en-bella-vista_p-140077.htm,140077,Apartamento en Venta en Bella Vista,Bella Vista,Bella Vista,zone_raw,"$175,000",175000,False,,1,1,46,venta,inmopanama.com,2026-07-03 00:06:29
https://www.inmopanama.com/apartamento-en-venta-avenida-balboa_p-140115.htm,140115,Apartamento en Venta Avenida Balboa,Bella Vista,Bella Vista,zone_raw,"$365,000",365000,False,,2,2,150,venta,inmopanama.com,2026-07-03 00:06:29
https://www.inmopanama.com/apartamento-en-venta-en-avenida-balboa_p-140117.htm,140117,Apartamento en Venta en Avenida Balboa,Bella Vista,Bella Vista,zone_raw,"$315,000",315000,False,,2,2,154,venta,inmopanama.com,2026-07-03 00:06:29
https://www.inmopanama.com/apartamento-en-venta-avenida-balboa_p-140162.htm,140162,Apartamento en Venta Avenida Balboa,Bella Vista,Bella Vista,zone_raw,"$317,222",317222,False,,2,2,63,venta,inmopanama.com,2026-07-03 00:06:30
https://www.inmopanama.com/apartamento-en-venta-avenida-balboa_p-140163.htm,140163,Apartamento en Venta Avenida Balboa,Bella Vista,Bella Vista,zone_raw,"$352,806",352806,False,,1,1,63,venta,inmopanama.com,2026-07-03 00:06:30
https://www.inmopanama.com/apartamento-en-venta-avenida-balboa_p-140164.htm,140164,Apartamento en Venta Avenida Balboa,Bella Vista,Bella Vista,zone_raw,"$200,501",200501,False,,1,1,40,venta,inmopanama.com,2026-07-03 00:06:30
https://www.inmopanama.com/apartamento-en-venta-avenida-balboa_p-140165.htm,140165,Apartamento en Venta Avenida Balboa,Bella Vista,Bella Vista,zone_raw,"$136,721",136721,False,,1,1,22,venta,inmopanama.com,2026-07-03 00:06:30
https://www.inmopanama.com/apartamento-en-venta-bella-vista_p-140172.htm,140172,Apartamento en Venta Bella Vista,Bella Vista,Bella Vista,zone_raw,"$330,000",330000,False,,2,2,99,venta,inmopanama.com,2026-07-03 00:06:30
https://www.inmopanama.com/apartamento-en-venta-bella-vista_p-140173.htm,140173,Apartamento en Venta Bella Vista,Bella Vista,Bella Vista,zone_raw,"$450,000",450000,False,,2,3,102,venta,inmopanama.com,2026-07-03 00:06:34
https://www.inmopanama.com/apartamento-en-venta-via-espana_p-140191.htm,140191,Apartamento en Venta Via España,Bella Vista,Bella Vista,zone_raw,"$187,800",187800,False,,2,2,60,venta,inmopanama.com,2026-07-03 00:06:34
https://www.inmopanama.com/apartamento-en-venta-via-espana_p-140192.htm,140192,Apartamento en Venta Via España,Bella Vista,Bella Vista,zone_raw,"$174,710",174710,False,,2,2,54,venta,inmopanama.com,2026-07-03 00:06:34
https://www.inmopanama.com/apartamento-en-venta-via-espana_p-140193.htm,140193,Apartamento en Venta Via España,Bella Vista,Bella Vista,zone_raw,"$260,720",260720,False,,3,3,83,venta,inmopanama.com,2026-07-03 00:06:34
https://www.inmopanama.com/apartamento-en-venta-via-espana_p-140194.htm,140194,Apartamento en Venta Via España,Bella Vista,Bella Vista,zone_raw,"$154,640",154640,False,,1,1,48,venta,inmopanama.com,2026-07-03 00:06:35
https://www.inmopanama.com/apartamento-en-venta-via-espana_p-140195.htm,140195,Apartamento en Venta Via España,Bella Vista,Bella Vista,zone_raw,"$160,000",160000,False,,1,1,50,venta,inmopanama.com,2026-07-03 00:06:35
https://www.inmopanama.com/apartamento-en-venta-via-espana_p-140196.htm,140196,Apartamento en Venta Via España,Bella Vista,Bella Vista,zone_raw,"$149,850",149850,False,,1,1,45,venta,inmopanama.com,2026-07-03 00:06:35
https://www.inmopanama.com/apartamento-en-venta-via-espana_p-140197.htm,140197,Apartamento en Venta Via España,Bella Vista,Bella Vista,zone_raw,"$285,590",285590,False,,3,2,97,venta,inmopanama.com,2026-07-03 00:06:35
https://www.inmopanama.com/apartamento-en-venta-via-espana_p-140198.htm,140198,Apartamento en Venta Via España,Bella Vista,Bella Vista,zone_raw,"$296,000",296000,False,,3,2,113,venta,inmopanama.com,2026-07-03 00:06:35
https://www.inmopanama.com/apartamento-en-venta-via-espana_p-140199.htm,140199,Apartamento en Venta Via España,Bella Vista,Bella Vista,zone_raw,"$232,910",232910,False,,2,2,80,venta,inmopanama.com,2026-07-03 00:06:35
https://www.inmopanama.com/apartamento-en-venta-via-espana_p-140200.htm,140200,Apartamento en Venta Via España,Bella Vista,Bella Vista,zone_raw,"$214,150",214150,False,,2,2,70,venta,inmopanama.com,2026-07-03 00:06:35
https://www.inmopanama.com/apartamento-en-venta-via-espana_p-140201.htm,140201,Apartamento en Venta Via España,Bella Vista,Bella Vista,zone_raw,"$230,800",230800,False,,2,2,79,venta,inmopanama.com,2026-07-03 00:06:35
https://www.inmopanama.com/apartamento-en-venta-via-espana_p-140202.htm,140202,Apartamento en Venta Via España,Bella Vista,Bella Vista,zone_raw,"$244,600",244600,False,,2,2,80,venta,inmopanama.com,2026-07-03 00:06:35
https://www.inmopanama.com/apartamento-en-venta-via-espana_p-140203.htm,140203,Apartamento en Venta Via España,Bella Vista,Bella Vista,zone_raw,"$216,790",216790,False,,2,2,73,venta,inmopanama.com,2026-07-03 00:06:35
https://www.inmopanama.com/apartamento-en-venta-bella-vista_p-140204.htm,140204,Apartamento en Venta Bella Vista,Bella Vista,Bella Vista,zone_raw,"$445,000",445000,False,,2,3,108,venta,inmopanama.com,2026-07-03 00:06:35
https://www.inmopanama.com/apartamento-en-venta-bella-vista_p-140205.htm,140205,Apartamento en Venta Bella Vista,Bella Vista,Bella Vista,zone_raw,"$380,000",380000,False,,2,2,104,venta,inmopanama.com,2026-07-03 00:06:35
https://www.inmopanama.com/apartamento-en-venta-bella-vista_p-140225.htm,140225,Apartamento en Venta Bella Vista,Bella Vista,Bella Vista,zone_raw,"$430,823",430823,False,,1,3,116,venta,inmopanama.com,2026-07-03 00:06:36
https://www.inmopanama.com/apartamento-en-venta-bella-vista_p-140226.htm,140226,Apartamento en Venta Bella Vista,Bella Vista,Bella Vista,zone_raw,"$178,339",178339,False,,1,1,44,venta,inmopanama.com,2026-07-03 00:06:36
https://www.inmopanama.com/apartamento-en-venta-bella-vista_p-140227.htm,140227,Apartamento en Venta Bella Vista,Bella Vista,Bella Vista,zone_raw,"$181,304",181304,False,,1,1,45,venta,inmopanama.com,2026-07-03 00:06:36
https://www.inmopanama.com/apartamento-en-venta-bella-vista_p-140228.htm,140228,Apartamento en Venta Bella Vista,Bella Vista,Bella Vista,zone_raw,"$239,625",239625,False,,1,2,65,venta,inmopanama.com,2026-07-03 00:06:36
https://www.inmopanama.com/apartamento-en-venta-bella-vista_p-140229.htm,140229,Apartamento en Venta Bella Vista,Bella Vista,Bella Vista,zone_raw,"$181,717",181717,False,,1,1,46,venta,inmopanama.com,2026-07-03 00:06:40
https://www.inmopanama.com/apartamento-en-venta-bella-vista_p-140230.htm,140230,Apartamento en Venta Bella Vista,Bella Vista,Bella Vista,zone_raw,"$244,160",244160,False,,1,2,63,venta,inmopanama.com,2026-07-03 00:06:40
https://www.inmopanama.com/venta-de-apartamento-en-bella-vista_p-140339.htm,140339,Venta de Apartamento en Bella Vista,Bella Vista,Bella Vista,zone_raw,"$470,000",470000,False,,2,1,129,venta,inmopanama.com,2026-07-03 00:06:40
https://www.inmopanama.com/apartamento-en-venta-en-bella-vista_p-141246.htm,141246,Apartamento en Venta en Bella Vista,Bella Vista,Bella Vista,zone_raw,"$315,950",315950,False,,3,2,88,venta,inmopanama.com,2026-07-03 00:06:40
https://www.inmopanama.com/apartamento-en-venta-en-bella-vista_p-141247.htm,141247,Apartamento en Venta en Bella Vista,Bella Vista,Bella Vista,zone_raw,"$231,000",231000,False,,2,2,66,venta,inmopanama.com,2026-07-03 00:06:40
https://www.inmopanama.com/apartamento-en-venta-en-bella-vista_p-141248.htm,141248,Apartamento en Venta en Bella Vista,Bella Vista,Bella Vista,zone_raw,"$120,000",120000,False,,1,1,40,venta,inmopanama.com,2026-07-03 00:06:40
https://www.inmopanama.com/apartamento-en-venta-en-bella-vista_p-141249.htm,141249,Apartamento en Venta en Bella Vista,Bella Vista,Bella Vista,zone_raw,"$199,500",199500,False,,1,1,52,venta,inmopanama.com,2026-07-03 00:06:40
https://www.inmopanama.com/apartamento-en-venta-en-bella-vista_p-141250.htm,141250,Apartamento en Venta en Bella Vista,Bella Vista,Bella Vista,zone_raw,"$106,500",106500,False,,1,1,33,venta,inmopanama.com,2026-07-03 00:06:40
https://www.inmopanama.com/apartamento-en-venta-en-bella-vista_p-141251.htm,141251,Apartamento en Venta en Bella Vista,Bella Vista,Bella Vista,zone_raw,"$104,500",104500,False,,1,1,33,venta,inmopanama.com,2026-07-03 00:06:40
https://www.inmopanama.com/apartamento-en-venta-en-bella-vista_p-141281.htm,141281,Apartamento en Venta en Bella Vista,Bella Vista,Bella Vista,zone_raw,"$260,000",260000,False,,2,1,68,venta,inmopanama.com,2026-07-03 00:06:40
https://www.inmopanama.com/apartamento-en-venta-en-bella-vista_p-141282.htm,141282,Apartamento en Venta en Bella Vista,Bella Vista,Bella Vista,zone_raw,"$206,500",206500,False,,1,1,54,venta,inmopanama.com,2026-07-03 00:06:40
https://www.inmopanama.com/apartamento-en-venta-en-bella-vista_p-141283.htm,141283,Apartamento en Venta en Bella Vista,Bella Vista,Bella Vista,zone_raw,"$175,000",175000,False,,1,1,46,venta,inmopanama.com,2026-07-03 00:06:41
https://www.inmopanama.com/apartamento-en-venta-avenida-balboa_p-141324.htm,141324,Apartamento en Venta Avenida Balboa,Bella Vista,Bella Vista,zone_raw,"$365,000",365000,False,,2,2,150,venta,inmopanama.com,2026-07-03 00:06:41
https://www.inmopanama.com/apartamento-en-venta-avenida-balboa_p-141373.htm,141373,Apartamento en Venta Avenida Balboa,Bella Vista,Bella Vista,zone_raw,"$320,629",320629,False,,2,2,63,venta,inmopanama.com,2026-07-03 00:06:41
https://www.inmopanama.com/apartamento-en-venta-avenida-balboa_p-141374.htm,141374,Apartamento en Venta Avenida Balboa,Bella Vista,Bella Vista,zone_raw,"$382,218",382218,False,,2,2,63,venta,inmopanama.com,2026-07-03 00:06:41
https://www.inmopanama.com/apartamento-en-venta-avenida-balboa_p-141375.htm,141375,Apartamento en Venta Avenida Balboa,Bella Vista,Bella Vista,zone_raw,"$217,419",217419,False,,1,1,40,venta,inmopanama.com,2026-07-03 00:06:41
https://www.inmopanama.com/apartamento-en-venta-en-avenida-balboa_p-141376.htm,141376,Apartamento en Venta en Avenida Balboa,Bella Vista,Bella Vista,zone_raw,"$144,539",144539,False,,1,1,25,venta,inmopanama.com,2026-07-03 00:06:41
https://www.inmopanama.com/apartamento-en-venta-bella-vista_p-141383.htm,141383,Apartamento en Venta Bella Vista,Bella Vista,Bella Vista,zone_raw,"$330,000",330000,False,,2,2,99,venta,inmopanama.com,2026-07-03 00:06:41
https://www.inmopanama.com/apartamento-en-venta-bella-vista_p-141384.htm,141384,Apartamento en Venta Bella Vista,Bella Vista,Bella Vista,zone_raw,"$450,000",450000,False,,2,3,102,venta,inmopanama.com,2026-07-03 00:06:41
https://www.inmopanama.com/apartamento-en-venta-via-espana_p-141402.htm,141402,Apartamento en Venta Via España,Bella Vista,Bella Vista,zone_raw,"$187,800",187800,False,,2,2,60,venta,inmopanama.com,2026-07-03 00:06:41
https://www.inmopanama.com/apartamento-en-venta-via-espana_p-141403.htm,141403,Apartamento en Venta Via España,Bella Vista,Bella Vista,zone_raw,"$174,710",174710,False,,2,2,54,venta,inmopanama.com,2026-07-03 00:06:45
https://www.inmopanama.com/apartamento-en-venta-via-espana_p-141404.htm,141404,Apartamento en Venta Via España,Bella Vista,Bella Vista,zone_raw,"$260,720",260720,False,,3,3,83,venta,inmopanama.com,2026-07-03 00:06:45
https://www.inmopanama.com/apartamento-en-venta-via-espana_p-141405.htm,141405,Apartamento en Venta Via España,Bella Vista,Bella Vista,zone_raw,"$154,640",154640,False,,1,1,48,venta,inmopanama.com,2026-07-03 00:06:45
https://www.inmopanama.com/apartamento-en-venta-via-espana_p-141406.htm,141406,Apartamento en Venta Via España,Bella Vista,Bella Vista,zone_raw,"$160,000",160000,False,,1,1,50,venta,inmopanama.com,2026-07-03 00:06:46
https://www.inmopanama.com/apartamento-en-venta-via-espana_p-141407.htm,141407,Apartamento en Venta Via España,Bella Vista,Bella Vista,zone_raw,"$149,850",149850,False,,1,1,45,venta,inmopanama.com,2026-07-03 00:06:46
https://www.inmopanama.com/apartamento-en-venta-via-espana_p-141408.htm,141408,Apartamento en Venta Via España,Bella Vista,Bella Vista,zone_raw,"$285,590",285590,False,,3,2,97,venta,inmopanama.com,2026-07-03 00:06:46
https://www.inmopanama.com/apartamento-en-venta-via-espana_p-141409.htm,141409,Apartamento en Venta Via España,Bella Vista,Bella Vista,zone_raw,"$296,000",296000,False,,3,2,113,venta,inmopanama.com,2026-07-03 00:06:46
https://www.inmopanama.com/apartamento-en-venta-via-espana_p-141410.htm,141410,Apartamento en Venta Via España,Bella Vista,Bella Vista,zone_raw,"$232,910",232910,False,,2,2,80,venta,inmopanama.com,2026-07-03 00:06:46
https://www.inmopanama.com/apartamento-en-venta-via-espana_p-141411.htm,141411,Apartamento en Venta Via España,Bella Vista,Bella Vista,zone_raw,"$214,150",214150,False,,2,2,70,venta,inmopanama.com,2026-07-03 00:06:46
https://www.inmopanama.com/apartamento-en-venta-via-espana_p-141412.htm,141412,Apartamento en Venta Via España,Bella Vista,Bella Vista,zone_raw,"$230,800",230800,False,,2,2,79,venta,inmopanama.com,2026-07-03 00:06:46
https://www.inmopanama.com/apartamento-en-venta-via-espana_p-141413.htm,141413,Apartamento en Venta Via España,Bella Vista,Bella Vista,zone_raw,"$244,600",244600,False,,2,2,80,venta,inmopanama.com,2026-07-03 00:06:46
https://www.inmopanama.com/apartamento-en-venta-via-espana_p-141414.htm,141414,Apartamento en Venta Via España,Bella Vista,Bella Vista,zone_raw,"$216,790",216790,False,,2,2,73,venta,inmopanama.com,2026-07-03 00:06:46
https://www.inmopanama.com/apartamento-en-venta-bella-vista_p-141415.htm,141415,Apartamento en Venta Bella Vista,Bella Vista,Bella Vista,zone_raw,"$445,000",445000,False,,2,3,108,venta,inmopanama.com,2026-07-03 00:06:46
https://www.inmopanama.com/apartamento-en-venta-bella-vista_p-141436.htm,141436,Apartamento en Venta Bella Vista,Bella Vista,Bella Vista,zone_raw,"$430,823",430823,False,,1,3,116,venta,inmopanama.com,2026-07-03 00:06:46
https://www.inmopanama.com/apartamento-en-venta-bella-vista_p-141437.htm,141437,Apartamento en Venta Bella Vista,Bella Vista,Bella Vista,zone_raw,"$178,339",178339,False,,1,1,44,venta,inmopanama.com,2026-07-03 00:06:46
https://www.inmopanama.com/apartamento-en-venta-bella-vista_p-141438.htm,141438,Apartamento en Venta Bella Vista,Bella Vista,Bella Vista,zone_raw,"$181,304",181304,False,,1,1,45,venta,inmopanama.com,2026-07-03 00:06:46
https://www.inmopanama.com/apartamento-en-venta-bella-vista_p-141439.htm,141439,Apartamento en Venta Bella Vista,Bella Vista,Bella Vista,zone_raw,"$239,625",239625,False,,1,2,65,venta,inmopanama.com,2026-07-03 00:06:47
https://www.inmopanama.com/apartamento-en-venta-bella-vista_p-141440.htm,141440,Apartamento en Venta Bella Vista,Bella Vista,Bella Vista,zone_raw,"$181,717",181717,False,,1,1,46,venta,inmopanama.com,2026-07-03 00:06:47
https://www.inmopanama.com/apartamento-en-venta-bella-vista_p-141441.htm,141441,Apartamento en Venta Bella Vista,Bella Vista,Bella Vista,zone_raw,"$244,160",244160,False,,1,2,63,venta,inmopanama.com,2026-07-03 00:06:47
https://www.inmopanama.com/venta-de-apartamento-en-bella-vista_p-141552.htm,141552,Venta de Apartamento en Bella Vista,Bella Vista,Bella Vista,zone_raw,"$470,000",470000,False,,2,1,129,venta,inmopanama.com,2026-07-03 00:06:47
https://www.inmopanama.com/apartamento-en-venta-en-avenida-balboa-bella-vista_p-136685.htm,136685,"Apartamento en venta en Avenida Balboa, Bella Vista",Avenida Balboa,bella-vista,pagina_scrapeada_no_resuelto,"$146,745",146745,False,,1,1,45,venta,inmopanama.com,2026-07-03 00:06:51
https://www.inmopanama.com/apartamento-en-venta-avenida-balboa_p-136780.htm,136780,Apartamento en Venta  Avenida Balboa,Avenida Balboa,bella-vista,pagina_scrapeada_no_resuelto,"$440,000",440000,False,,2,3,122,venta,inmopanama.com,2026-07-03 00:06:51
https://www.inmopanama.com/venta-de-apartamentos-en-el-cangrejo_p-136517.htm,136517,Venta de apartamentos en El Cangrejo,El Cangrejo,El Cangrejo,zone_raw,"$193,058",193058,False,,2,2,71,venta,inmopanama.com,2026-07-03 00:06:51
https://www.inmopanama.com/apartamento-en-venta-en-avenida-balboa-panama_p-136317.htm,136317,"Apartamento en venta en Avenida Balboa, Panamá",Avenida Balboa,bella-vista,pagina_scrapeada_no_resuelto,"$315,000",315000,False,,1,2,105,venta,inmopanama.com,2026-07-03 00:06:51
https://www.inmopanama.com/venta-de-apartamento-en-via-argentina-el-cangrejo_p-136505.htm,136505,"Venta de Apartamento en Vía Argentina, El Cangrejo",Via Argentina,bella-vista,pagina_scrapeada_no_resuelto,"$225,000",225000,False,,1,2,121,venta,inmopanama.com,2026-07-03 00:06:51
https://www.inmopanama.com/penthouse-en-venta-en-avenida-balboa_p-135942.htm,135942,Penthouse en Venta en Avenida Balboa,Avenida Balboa,bella-vista,pagina_scrapeada_no_resuelto,"$1,350,000",1350000,False,,3,3,330,venta,inmopanama.com,2026-07-03 00:06:51
https://www.inmopanama.com/apartamento-en-venta-obarrio-panama_p-136027.htm,136027,"Apartamento en venta, Obarrio, Panamá",Obarrio,Obarrio,zone_raw,"$314,550",314550,False,,1,1,67,venta,inmopanama.com,2026-07-03 00:06:51
https://www.inmopanama.com/apartamento-en-venta-obarrio-panama_p-139338.htm,139338,"Apartamento en venta, Obarrio, Panamá",Obarrio,Obarrio,zone_raw,"$467,900",467900,False,,2,2,102,venta,inmopanama.com,2026-07-03 00:06:51
https://www.inmopanama.com/apartamento-en-venta-obarrio-panama_p-139339.htm,139339,"Apartamento en venta, Obarrio, Panamá",Obarrio,Obarrio,zone_raw,"$642,725",642725,False,,3,3,140,venta,inmopanama.com,2026-07-03 00:06:51
https://www.inmopanama.com/apartamento-en-venta-via-argentina_p-143394.htm,143394,Apartamento en Venta Vía Argentina,Vía España,bella-vista,pagina_scrapeada_no_resuelto,"$161,355",161355,False,,1,1,46,venta,inmopanama.com,2026-07-03 00:06:51
https://www.inmopanama.com/venta-de-apartamentos-en-el-cangrejo_p-139356.htm,139356,Venta de apartamentos en El Cangrejo,El Cangrejo,El Cangrejo,zone_raw,"$211,472",211472,False,,2,2,79,venta,inmopanama.com,2026-07-03 00:06:52
https://www.inmopanama.com/venta-de-apartamentos-en-el-cangrejo_p-139357.htm,139357,Venta de apartamentos en El Cangrejo,El Cangrejo,El Cangrejo,zone_raw,"$257,923",257923,False,,2,2,92,venta,inmopanama.com,2026-07-03 00:06:52
https://www.inmopanama.com/venta-de-apartamentos-en-el-cangrejo_p-139358.htm,139358,Venta de apartamentos en El Cangrejo,El Cangrejo,El Cangrejo,zone_raw,"$308,478",308478,False,,3,2,121,venta,inmopanama.com,2026-07-03 00:06:52
https://www.inmopanama.com/venta-de-apartamento-en-ph-plaza-valencia-via-espana-panama_p-136783.htm,136783,"Venta de Apartamento en PH Plaza Valencia, Vía España, Panamá",Vía España,bella-vista,pagina_scrapeada_no_resuelto,"$130,000",130000,False,,3,2,77,venta,inmopanama.com,2026-07-03 00:06:52
https://www.inmopanama.com/apartamento-en-venta-en-avenida-balboa-bella-vista_p-139364.htm,139364,"Apartamento en Venta en Avenida Balboa, Bella Vista",Avenida Balboa,bella-vista,pagina_scrapeada_no_resuelto,"$202,574",202574,False,,2,2,66,venta,inmopanama.com,2026-07-03 00:06:52
https://www.inmopanama.com/apartamento-en-venta-via-argentina_p-143401.htm,143401,Apartamento en Venta Vía Argentina,Vía España,bella-vista,pagina_scrapeada_no_resuelto,"$161,355",161355,False,,1,1,46,venta,inmopanama.com,2026-07-03 00:06:52
https://www.inmopanama.com/apartamento-en-venta-via-argentina_p-143400.htm,143400,Apartamento en Venta Vía Argentina,Vía España,bella-vista,pagina_scrapeada_no_resuelto,"$224,840",224840,False,,2,2,71,venta,inmopanama.com,2026-07-03 00:06:52
https://www.inmopanama.com/apartamento-en-venta-via-argentina_p-143399.htm,143399,Apartamento en Venta Vía Argentina,Vía España,bella-vista,pagina_scrapeada_no_resuelto,"$254,240",254240,False,,3,2,61,venta,inmopanama.com,2026-07-03 00:06:52
https://www.inmopanama.com/apartamento-en-venta-via-argentina_p-143392.htm,143392,Apartamento en Venta Vía Argentina,Vía España,bella-vista,pagina_scrapeada_no_resuelto,"$254,240",254240,False,,3,2,61,venta,inmopanama.com,2026-07-03 00:06:52
https://www.inmopanama.com/apartamento-en-venta-via-argentina_p-143393.htm,143393,Apartamento en Venta Vía Argentina,Vía España,bella-vista,pagina_scrapeada_no_resuelto,"$224,840",224840,False,,2,2,71,venta,inmopanama.com,2026-07-03 00:06:52
https://www.inmopanama.com/venta-apartamento-ph-plaza-valencia-via-espana_p-136770.htm,136770,"Venta apartamento PH Plaza Valencia,Via España",Vía España,bella-vista,pagina_scrapeada_no_resuelto,"$130,000",130000,False,,3,2,77,venta,inmopanama.com,2026-07-03 00:06:56
https://www.inmopanama.com/centro-obarrio-apartamento-de-3-habitaciones-con-vista-panoramica_p-143459.htm,143459,"Centro Obarrio, Apartamento de 3 Habitaciones con Vista Panorámica",Obarrio,Obarrio,zone_raw,"$412,068",412068,False,,3,3,89,venta,inmopanama.com,2026-07-03 00:06:56
https://www.inmopanama.com/apartamento-en-venta-en-bella-vista_p-139988.htm,139988,Apartamento en Venta en Bella Vista,Obarrio,Obarrio,zone_raw,"$31,000",31000,False,,3,2,96,venta,inmopanama.com,2026-07-03 00:06:56
https://www.inmopanama.com/apartamento-en-venta-en-bella-vista_p-139989.htm,139989,Apartamento en Venta en Bella Vista,Obarrio,Obarrio,zone_raw,"$372,000",372000,False,,3,2,120,venta,inmopanama.com,2026-07-03 00:06:57
https://www.inmopanama.com/apartamento-en-venta-en-bella-vista_p-139990.htm,139990,Apartamento en Venta en Bella Vista,Obarrio,Obarrio,zone_raw,"$268,000",268000,False,,2,2,85,venta,inmopanama.com,2026-07-03 00:06:57
https://www.inmopanama.com/apartamento-en-venta-en-el-cangrejo_p-140019.htm,140019,Apartamento en Venta en El Cangrejo,El Cangrejo,El Cangrejo,zone_raw,"$769,000",769000,False,,3,4,300,venta,inmopanama.com,2026-07-03 00:06:57
https://www.inmopanama.com/apartamento-en-venta-en-el-cangrejo_p-140020.htm,140020,Apartamento en Venta en El Cangrejo,El Cangrejo,El Cangrejo,zone_raw,"$769,000",769000,False,,3,4,300,venta,inmopanama.com,2026-07-03 00:06:57
https://www.inmopanama.com/apartamento-en-venta-en-el-cangrejo_p-140073.htm,140073,Apartamento en Venta en el Cangrejo,El Cangrejo,El Cangrejo,zone_raw,"$189,000",189000,False,,2,2,63,venta,inmopanama.com,2026-07-03 00:06:57
https://www.inmopanama.com/apartamento-en-venta-en-bella-vista_p-140083.htm,140083,Apartamento en Venta en Bella Vista,Obarrio,Obarrio,zone_raw,"$138,000",138000,False,,1,1,36,venta,inmopanama.com,2026-07-03 00:06:57
https://www.inmopanama.com/apartamento-en-venta-en-bella-vista_p-140084.htm,140084,Apartamento en Venta en Bella Vista,Obarrio,Obarrio,zone_raw,"$180,000",180000,False,,2,1,53,venta,inmopanama.com,2026-07-03 00:06:57
https://www.inmopanama.com/apartamento-en-venta-en-bella-vista_p-140133.htm,140133,Apartamento en Venta en Bella Vista,El Cangrejo,El Cangrejo,zone_raw,"$1,250,000",1250000,False,,4,5,847,venta,inmopanama.com,2026-07-03 00:06:57
https://www.inmopanama.com/venta-de-apartamento-en-el-cangrejo_p-140181.htm,140181,Venta de Apartamento en El Cangrejo,El Cangrejo,El Cangrejo,zone_raw,"$220,000",220000,False,,2,2,75,venta,inmopanama.com,2026-07-03 00:06:57
https://www.inmopanama.com/venta-de-apartamento-en-el-cangrejo_p-140182.htm,140182,Venta de Apartamento en El Cangrejo,El Cangrejo,El Cangrejo,zone_raw,"$205,000",205000,False,,1,2,74,venta,inmopanama.com,2026-07-03 00:06:57
https://www.inmopanama.com/venta-de-apartamento-en-el-cangrejo_p-140183.htm,140183,Venta de Apartamento en El Cangrejo,El Cangrejo,El Cangrejo,zone_raw,"$152,000",152000,False,,1,1,57,venta,inmopanama.com,2026-07-03 00:06:57
https://www.inmopanama.com/apartamento-en-venta-el-cangrejo_p-140184.htm,140184,Apartamento en Venta El Cangrejo,El Cangrejo,El Cangrejo,zone_raw,"$290,000",290000,False,,2,2,119,venta,inmopanama.com,2026-07-03 00:06:57
https://www.inmopanama.com/apartamento-en-venta-el-cangrejo_p-140185.htm,140185,Apartamento en Venta El Cangrejo,El Cangrejo,El Cangrejo,zone_raw,"$380,000",380000,False,,3,2,153,venta,inmopanama.com,2026-07-03 00:06:57
https://www.inmopanama.com/apartamento-en-venta-el-cangrejo_p-140186.htm,140186,Apartamento en Venta El Cangrejo,El Cangrejo,El Cangrejo,zone_raw,"$210,000",210000,False,,2,2,92,venta,inmopanama.com,2026-07-03 00:06:58
https://www.inmopanama.com/apartamento-en-venta-el-cangrejo_p-140187.htm,140187,Apartamento en Venta El Cangrejo,El Cangrejo,El Cangrejo,zone_raw,"$491,000",491000,False,,3,3,201,venta,inmopanama.com,2026-07-03 00:06:58
https://www.inmopanama.com/centro-obarrio-apartamento-de-4-habitaciones-con-vista-panoramica_p-143458.htm,143458,"Centro Obarrio, Apartamento de 4 Habitaciones con Vista Panorámica",Obarrio,Obarrio,zone_raw,"$542,662",542662,False,,4,4,117,venta,inmopanama.com,2026-07-03 00:06:58
https://www.inmopanama.com/apartamento-en-venta-obarrio_p-140246.htm,140246,Apartamento en Venta Obarrio,Obarrio,Obarrio,zone_raw,"$191,310",191310,False,,1,1,43,venta,inmopanama.com,2026-07-03 00:06:58
https://www.inmopanama.com/apartamento-en-venta-obarrio_p-140247.htm,140247,Apartamento en Venta Obarrio,Obarrio,Obarrio,zone_raw,"$181,319",181319,False,,1,1,41,venta,inmopanama.com,2026-07-03 00:07:02
https://www.inmopanama.com/apartamento-en-venta-calle-50_p-140272.htm,140272,Apartamento en Venta Calle 50,Obarrio,Obarrio,zone_raw,"$454,735",454735,False,,1,1,98,venta,inmopanama.com,2026-07-03 00:07:02
https://www.inmopanama.com/apartamento-en-venta-calle-50_p-140273.htm,140273,Apartamento en Venta Calle 50,Obarrio,Obarrio,zone_raw,"$350,000",350000,False,,1,1,75,venta,inmopanama.com,2026-07-03 00:07:02
https://www.inmopanama.com/apartamento-en-venta-calle-50_p-140274.htm,140274,Apartamento en Venta Calle 50,Obarrio,Obarrio,zone_raw,"$450,000",450000,False,,1,1,104,venta,inmopanama.com,2026-07-03 00:07:02
https://www.inmopanama.com/venta-de-apartamentos-en-el-cangrejo_p-140411.htm,140411,Venta de Apartamentos en El Cangrejo,El Cangrejo,El Cangrejo,zone_raw,"$308,478",308478,False,,3,2,121,venta,inmopanama.com,2026-07-03 00:07:02
https://www.inmopanama.com/venta-de-apartamentos-en-el-cangrejo_p-140412.htm,140412,Venta de Apartamentos en El Cangrejo,El Cangrejo,El Cangrejo,zone_raw,"$211,472",211472,False,,2,2,79,venta,inmopanama.com,2026-07-03 00:07:02
https://www.inmopanama.com/venta-de-apartamentos-en-el-cangrejo_p-140413.htm,140413,Venta de Apartamentos en El Cangrejo,El Cangrejo,El Cangrejo,zone_raw,"$257,923",257923,False,,2,2,92,venta,inmopanama.com,2026-07-03 00:07:02
https://www.inmopanama.com/venta-de-apartamentos-en-el-cangrejo_p-140414.htm,140414,Venta de Apartamentos en El Cangrejo,El Cangrejo,El Cangrejo,zone_raw,"$193,058",193058,False,,2,2,71,venta,inmopanama.com,2026-07-03 00:07:02
https://www.inmopanama.com/venta-de-apartamento-en-via-argentina-el-cangrejo_p-140415.htm,140415,"Venta de Apartamento en Vía Argentina, El Cangrejo",El Cangrejo,El Cangrejo,zone_raw,"$225,000",225000,False,,1,2,121,venta,inmopanama.com,2026-07-03 00:07:02
https://www.inmopanama.com/apartamento-en-venta-obarrio_p-140505.htm,140505,"Apartamento en venta, Obarrio",Obarrio,Obarrio,zone_raw,"$314,550",314550,False,,1,1,67,venta,inmopanama.com,2026-07-03 00:07:02
https://www.inmopanama.com/apartamento-en-venta-obarrio_p-140506.htm,140506,"Apartamento en venta, Obarrio",Obarrio,Obarrio,zone_raw,"$523,555",523555,False,,2,2,106,venta,inmopanama.com,2026-07-03 00:07:03
https://www.inmopanama.com/apartamento-en-venta-obarrio_p-140507.htm,140507,"Apartamento en venta, Obarrio",Obarrio,Obarrio,zone_raw,"$642,725",642725,False,,3,3,140,venta,inmopanama.com,2026-07-03 00:07:03
https://www.inmopanama.com/apartamento-en-venta-en-el-cangrejo_p-140568.htm,140568,Apartamento en Venta en El Cangrejo,El Cangrejo,El Cangrejo,zone_raw,"$747,470",747470,False,,4,4,300,venta,inmopanama.com,2026-07-03 00:07:03
https://www.inmopanama.com/apartamento-en-venta-en-el-cangrejo_p-140569.htm,140569,Apartamento en Venta en El Cangrejo,El Cangrejo,El Cangrejo,zone_raw,"$360,000",360000,False,,3,3,137,venta,inmopanama.com,2026-07-03 00:07:03
https://www.inmopanama.com/apartamento-en-venta-en-el-cangrejo_p-140570.htm,140570,Apartamento en Venta en El Cangrejo,El Cangrejo,El Cangrejo,zone_raw,"$330,400",330400,False,,3,2,118,venta,inmopanama.com,2026-07-03 00:07:03
https://www.inmopanama.com/apartamento-en-venta-en-el-cangrejo_p-140571.htm,140571,Apartamento en Venta en El Cangrejo,El Cangrejo,El Cangrejo,zone_raw,"$270,000",270000,False,,2,2,99,venta,inmopanama.com,2026-07-03 00:07:03
https://www.inmopanama.com/venta-de-apartamento-en-marbella-bella-vista_p-140573.htm,140573,"Venta de Apartamento en Marbella, Bella Vista",Marbella,Marbella,zone_raw,"$275,000",275000,False,,3,3,212,venta,inmopanama.com,2026-07-03 00:07:03
https://www.inmopanama.com/apartamento-nuevo-en-venta-marbella_p-140736.htm,140736,"Apartamento nuevo en venta, Marbella",Marbella,Marbella,zone_raw,"$246,652",246652,False,,2,1,57,venta,inmopanama.com,2026-07-03 00:07:03
https://www.inmopanama.com/apartamento-nuevo-en-venta-marbella_p-140737.htm,140737,"Apartamento nuevo en venta, Marbella",Marbella,Marbella,zone_raw,"$307,000",307000,False,,2,2,80,venta,inmopanama.com,2026-07-03 00:07:03
https://www.inmopanama.com/apartamento-nuevo-en-venta-marbella_p-140738.htm,140738,"Apartamento nuevo en venta, Marbella",Marbella,Marbella,zone_raw,"$166,856",166856,False,,1,1,37,venta,inmopanama.com,2026-07-03 00:07:03
https://www.inmopanama.com/apartamento-nuevo-en-venta-marbella_p-140739.htm,140739,"Apartamento nuevo en venta, Marbella",Marbella,Marbella,zone_raw,"$226,040",226040,False,,2,1,52,venta,inmopanama.com,2026-07-03 00:07:07
https://www.inmopanama.com/apartamento-nuevo-en-venta-marbella_p-140740.htm,140740,"Apartamento nuevo en venta, Marbella",Marbella,Marbella,zone_raw,"$270,750",270750,False,,2,1,63,venta,inmopanama.com,2026-07-03 00:07:07
https://www.inmopanama.com/apartamento-nuevo-en-venta-marbella_p-140742.htm,140742,"Apartamento nuevo en venta, Marbella",Marbella,Marbella,zone_raw,"$232,925",232925,False,,2,1,54,venta,inmopanama.com,2026-07-03 00:07:07
https://www.inmopanama.com/apartamento-nuevo-en-venta-marbella_p-140744.htm,140744,"Apartamento nuevo en venta, Marbella",Marbella,Marbella,zone_raw,"$266,500",266500,False,,2,1,62,venta,inmopanama.com,2026-07-03 00:07:07
https://www.inmopanama.com/apartamento-en-venta-en-la-cresta-bella-vista_p-140747.htm,140747,"Apartamento en venta en La Cresta, Bella Vista",La Cresta,bella-vista,pagina_scrapeada_no_resuelto,"$430,000",430000,False,,3,3,342,venta,inmopanama.com,2026-07-03 00:07:08
https://www.inmopanama.com/apartamento-en-venta-en-la-cresta-bella-vista_p-140857.htm,140857,"Apartamento en venta en La Cresta, Bella Vista",La Cresta,bella-vista,pagina_scrapeada_no_resuelto,"$365,000",365000,False,,4,4,343,venta,inmopanama.com,2026-07-03 00:07:08
https://www.inmopanama.com/apartamento-en-venta-en-marbella_p-140878.htm,140878,Apartamento en Venta en Marbella,Marbella,Marbella,zone_raw,"$647,466",647466,False,,2,3,135,venta,inmopanama.com,2026-07-03 00:07:08
https://www.inmopanama.com/apartamento-en-venta-en-marbella_p-140879.htm,140879,Apartamento en Venta en Marbella,Marbella,Marbella,zone_raw,"$446,208",446208,False,,1,2,93,venta,inmopanama.com,2026-07-03 00:07:08
https://www.inmopanama.com/apartamento-en-venta-en-marbella_p-140880.htm,140880,Apartamento en Venta en Marbella,Marbella,Marbella,zone_raw,"$431,832",431832,False,,1,1,90,venta,inmopanama.com,2026-07-03 00:07:08
https://www.inmopanama.com/apartamento-en-venta-en-marbella_p-140881.htm,140881,Apartamento en Venta en Marbella,Marbella,Marbella,zone_raw,"$340,786",340786,False,,1,1,71,venta,inmopanama.com,2026-07-03 00:07:08
https://www.inmopanama.com/venta-de-apartamento-nuevo-en-marbella_p-140883.htm,140883,Venta de Apartamento nuevo en Marbella,Marbella,Marbella,zone_raw,"$174,000",174000,False,,1,1,55,venta,inmopanama.com,2026-07-03 00:07:08
https://www.inmopanama.com/apartamento-nuevo-en-venta-en-la-cresta_p-140887.htm,140887,Apartamento nuevo en venta en La Cresta,La Cresta,bella-vista,pagina_scrapeada_no_resuelto,"$1,275,040",1275040,False,,4,4,432,venta,inmopanama.com,2026-07-03 00:07:08
https://www.inmopanama.com/apartamento-nuevo-en-venta-en-la-cresta_p-140888.htm,140888,Apartamento nuevo en venta en La Cresta,La Cresta,bella-vista,pagina_scrapeada_no_resuelto,"$316,160",316160,False,,2,2,111,venta,inmopanama.com,2026-07-03 00:07:08
https://www.inmopanama.com/apartamento-nuevo-en-venta-en-la-cresta_p-140889.htm,140889,Apartamento nuevo en venta en La Cresta,La Cresta,bella-vista,pagina_scrapeada_no_resuelto,"$234,260",234260,False,,1,2,90,venta,inmopanama.com,2026-07-03 00:07:08
https://www.inmopanama.com/apartamentos-nuevos-en-venta-ubicado-en-marbella_p-140906.htm,140906,Apartamentos nuevos en venta ubicado en Marbella,Marbella,Marbella,zone_raw,"$297,000",297000,False,,3,2,99,venta,inmopanama.com,2026-07-03 00:07:08
https://www.inmopanama.com/apartamentos-nuevos-en-venta-ubicado-en-marbella_p-140907.htm,140907,Apartamentos nuevos en venta ubicado en Marbella,Marbella,Marbella,zone_raw,"$291,000",291000,False,,3,2,97,venta,inmopanama.com,2026-07-03 00:07:08
https://www.inmopanama.com/apartamentos-nuevos-en-venta-ubicado-en-marbella_p-140908.htm,140908,Apartamentos nuevos en venta ubicado en Marbella,Marbella,Marbella,zone_raw,"$286,500",286500,False,,3,2,95,venta,inmopanama.com,2026-07-03 00:07:08
https://www.inmopanama.com/apartamento-nuevo-en-venta-el-cangrejo_p-140932.htm,140932,Apartamento nuevo en venta El Cangrejo,El Cangrejo,El Cangrejo,zone_raw,"$249,900",249900,False,,2,2,92,venta,inmopanama.com,2026-07-03 00:07:09
https://www.inmopanama.com/apartamento-nuevo-en-venta-el-cangrejo_p-140933.htm,140933,Apartamento nuevo en venta El Cangrejo,El Cangrejo,El Cangrejo,zone_raw,"$308,478",308478,False,,2,2,121,venta,inmopanama.com,2026-07-03 00:07:09
https://www.inmopanama.com/apartamento-nuevo-en-venta-el-cangrejo_p-140934.htm,140934,Apartamento nuevo en venta El Cangrejo,El Cangrejo,El Cangrejo,zone_raw,"$199,472",199472,False,,1,2,79,venta,inmopanama.com,2026-07-03 00:07:09
https://www.inmopanama.com/apartamento-nuevo-en-venta-el-cangrejo_p-140935.htm,140935,Apartamento nuevo en venta El Cangrejo,El Cangrejo,El Cangrejo,zone_raw,"$195,058",195058,False,,1,2,71,venta,inmopanama.com,2026-07-03 00:07:13
https://www.inmopanama.com/apartamento-en-venta-en-marbella_p-140980.htm,140980,Apartamento en venta en Marbella,Marbella,Marbella,zone_raw,"$678,898",678898,False,,3,4,170,venta,inmopanama.com,2026-07-03 00:07:13
https://www.inmopanama.com/apartamento-en-venta-en-marbella_p-140981.htm,140981,Apartamento en venta en Marbella,Marbella,Marbella,zone_raw,"$552,436",552436,False,,2,2,143,venta,inmopanama.com,2026-07-03 00:07:13
https://www.inmopanama.com/apartamento-en-venta-calle-50_p-140987.htm,140987,"Apartamento en venta, Calle 50",Calle 50,bella-vista,pagina_scrapeada_no_resuelto,"$171,100",171100,False,,1,2,59,venta,inmopanama.com,2026-07-03 00:07:13
https://www.inmopanama.com/apartamento-en-venta-ph-trinity-el-carmen_p-141012.htm,141012,"Apartamento en venta PH Trinity, El Carmen",El Carmen,Bella Vista,zone_raw_barrio_mapeado,"$220,000",220000,False,,2,2,90,venta,inmopanama.com,2026-07-03 00:07:13
https://www.inmopanama.com/venta-de-apartamento-en-edificio-la-fiesta-obarrio_p-141103.htm,141103,"Venta de Apartamento en Edificio La Fiesta, Obarrio",Obarrio,Obarrio,zone_raw,"$270,000",270000,False,,3,2,249,venta,inmopanama.com,2026-07-03 00:07:13
https://www.inmopanama.com/venta-de-apartamento-en-el-cangrejo_p-141146.htm,141146,Venta de apartamento en El Cangrejo,El Cangrejo,El Cangrejo,zone_raw,"$420,000",420000,False,,3,4,177,venta,inmopanama.com,2026-07-03 00:07:13
https://www.inmopanama.com/venta-de-apartamento-en-el-cangrejo_p-141147.htm,141147,Venta de apartamento en El Cangrejo,El Cangrejo,El Cangrejo,zone_raw,"$375,000",375000,False,,2,3,129,venta,inmopanama.com,2026-07-03 00:07:13
https://www.inmopanama.com/venta-de-apartamento-en-el-cangrejo_p-141148.htm,141148,Venta de apartamento en El Cangrejo,El Cangrejo,El Cangrejo,zone_raw,"$348,000",348000,False,,2,3,159,venta,inmopanama.com,2026-07-03 00:07:13
https://www.inmopanama.com/se-vende-apartamentos-en-obarrio_p-141192.htm,141192,Se vende apartamentos en Obarrio,Obarrio,Obarrio,zone_raw,"$470,000",470000,False,,1,1,98,venta,inmopanama.com,2026-07-03 00:07:13
https://www.inmopanama.com/se-vende-apartamentos-en-obarrio_p-141193.htm,141193,Se vende apartamentos en Obarrio,Obarrio,Obarrio,zone_raw,"$390,000",390000,False,,1,1,75,venta,inmopanama.com,2026-07-03 00:07:13
https://www.inmopanama.com/se-vende-apartamentos-en-obarrio_p-141194.htm,141194,Se vende apartamentos en Obarrio,Obarrio,Obarrio,zone_raw,"$460,000",460000,False,,1,1,104,venta,inmopanama.com,2026-07-03 00:07:14
https://www.inmopanama.com/en-venta-apartamento-en-ph-zafiro-el-cangrejo_p-141224.htm,141224,En Venta Apartamento en PH Zafiro El Cangrejo,El Cangrejo,El Cangrejo,zone_raw,"$239,000",239000,False,,2,2,115,venta,inmopanama.com,2026-07-03 00:07:14
https://www.inmopanama.com/apartamento-en-venta-en-el-cangrejo_p-141279.htm,141279,Apartamento en Venta en el Cangrejo,El Cangrejo,El Cangrejo,zone_raw,"$189,000",189000,False,,2,2,63,venta,inmopanama.com,2026-07-03 00:07:14
https://www.inmopanama.com/apartamento-en-venta-en-bella-vista_p-141286.htm,141286,Apartamento en Venta en Bella Vista,Obarrio,Obarrio,zone_raw,"$185,000",185000,False,,2,1,51,venta,inmopanama.com,2026-07-03 00:07:14
https://www.inmopanama.com/apartamento-en-venta-en-bella-vista_p-141289.htm,141289,Apartamento en Venta en Bella Vista,Obarrio,Obarrio,zone_raw,"$143,000",143000,False,,1,1,36,venta,inmopanama.com,2026-07-03 00:07:14
https://www.inmopanama.com/apartamento-en-venta-en-bella-vista_p-141290.htm,141290,Apartamento en Venta en Bella Vista,Obarrio,Obarrio,zone_raw,"$185,000",185000,False,,2,1,53,venta,inmopanama.com,2026-07-03 00:07:14
https://www.inmopanama.com/venta-de-apartamento-en-el-cangrejo_p-141392.htm,141392,Venta de Apartamento en El Cangrejo,El Cangrejo,El Cangrejo,zone_raw,"$220,000",220000,False,,2,2,75,venta,inmopanama.com,2026-07-03 00:07:14
https://www.inmopanama.com/venta-de-apartamento-en-el-cangrejo_p-141393.htm,141393,Venta de Apartamento en El Cangrejo,El Cangrejo,El Cangrejo,zone_raw,"$205,000",205000,False,,1,2,74,venta,inmopanama.com,2026-07-03 00:07:14
https://www.inmopanama.com/venta-de-apartamento-en-el-cangrejo_p-141394.htm,141394,Venta de Apartamento en El Cangrejo,El Cangrejo,El Cangrejo,zone_raw,"$152,000",152000,False,,1,1,57,venta,inmopanama.com,2026-07-03 00:07:14
https://www.inmopanama.com/apartamento-en-venta-el-cangrejo_p-141395.htm,141395,Apartamento en Venta El Cangrejo,El Cangrejo,El Cangrejo,zone_raw,"$290,000",290000,False,,2,2,119,venta,inmopanama.com,2026-07-03 00:07:20
https://www.inmopanama.com/apartamento-en-venta-el-cangrejo_p-141396.htm,141396,Apartamento en Venta El Cangrejo,El Cangrejo,El Cangrejo,zone_raw,"$380,000",380000,False,,3,2,153,venta,inmopanama.com,2026-07-03 00:07:21
https://www.inmopanama.com/apartamento-en-venta-el-cangrejo_p-141397.htm,141397,Apartamento en Venta El Cangrejo,El Cangrejo,El Cangrejo,zone_raw,"$210,000",210000,False,,2,2,92,venta,inmopanama.com,2026-07-03 00:07:21
https://www.inmopanama.com/apartamento-en-venta-el-cangrejo_p-141398.htm,141398,Apartamento en Venta El Cangrejo,El Cangrejo,El Cangrejo,zone_raw,"$491,000",491000,False,,3,3,201,venta,inmopanama.com,2026-07-03 00:07:21
https://www.inmopanama.com/apartamento-en-venta-obarrio_p-141459.htm,141459,Apartamento en Venta Obarrio,Obarrio,Obarrio,zone_raw,"$191,310",191310,False,,1,1,43,venta,inmopanama.com,2026-07-03 00:07:21
https://www.inmopanama.com/apartamento-en-venta-obarrio_p-141460.htm,141460,Apartamento en Venta Obarrio,Obarrio,Obarrio,zone_raw,"$181,319",181319,False,,1,1,41,venta,inmopanama.com,2026-07-03 00:07:21
https://www.inmopanama.com/apartamento-en-venta-calle-50_p-141484.htm,141484,Apartamento en Venta Calle 50,Obarrio,Obarrio,zone_raw,"$454,735",454735,False,,1,1,98,venta,inmopanama.com,2026-07-03 00:07:21
https://www.inmopanama.com/apartamento-en-venta-calle-50_p-141485.htm,141485,Apartamento en Venta Calle 50,Obarrio,Obarrio,zone_raw,"$350,000",350000,False,,1,1,75,venta,inmopanama.com,2026-07-03 00:07:21
https://www.inmopanama.com/apartamento-en-venta-calle-50_p-141486.htm,141486,Apartamento en Venta Calle 50,Obarrio,Obarrio,zone_raw,"$450,000",450000,False,,1,1,104,venta,inmopanama.com,2026-07-03 00:07:21
https://www.inmopanama.com/venta-de-apartamentos-en-el-cangrejo_p-141623.htm,141623,Venta de Apartamentos en El Cangrejo,El Cangrejo,El Cangrejo,zone_raw,"$308,478",308478,False,,3,2,121,venta,inmopanama.com,2026-07-03 00:07:21
https://www.inmopanama.com/venta-de-apartamentos-en-el-cangrejo_p-141624.htm,141624,Venta de Apartamentos en El Cangrejo,El Cangrejo,El Cangrejo,zone_raw,"$257,923",257923,False,,2,2,92,venta,inmopanama.com,2026-07-03 00:07:21
https://www.inmopanama.com/venta-de-apartamentos-en-el-cangrejo_p-141625.htm,141625,Venta de Apartamentos en El Cangrejo,El Cangrejo,El Cangrejo,zone_raw,"$211,472",211472,False,,2,2,79,venta,inmopanama.com,2026-07-03 00:07:21
https://www.inmopanama.com/venta-de-apartamentos-en-el-cangrejo_p-141626.htm,141626,Venta de Apartamentos en El Cangrejo,El Cangrejo,El Cangrejo,zone_raw,"$193,058",193058,False,,2,2,71,venta,inmopanama.com,2026-07-03 00:07:21
https://www.inmopanama.com/venta-de-apartamento-en-via-argentina-el-cangrejo_p-141627.htm,141627,"Venta de Apartamento en Vía Argentina, El Cangrejo",El Cangrejo,El Cangrejo,zone_raw,"$225,000",225000,False,,1,2,121,venta,inmopanama.com,2026-07-03 00:07:21
https://www.inmopanama.com/apartamento-en-venta-obarrio_p-141718.htm,141718,"Apartamento en venta, Obarrio",Obarrio,Obarrio,zone_raw,"$314,550",314550,False,,1,1,67,venta,inmopanama.com,2026-07-03 00:07:22
https://www.inmopanama.com/apartamento-en-venta-obarrio_p-141719.htm,141719,"Apartamento en venta, Obarrio",Obarrio,Obarrio,zone_raw,"$523,555",523555,False,,2,2,106,venta,inmopanama.com,2026-07-03 00:07:22
https://www.inmopanama.com/apartamento-en-venta-obarrio_p-141720.htm,141720,"Apartamento en venta, Obarrio",Obarrio,Obarrio,zone_raw,"$642,725",642725,False,,3,3,140,venta,inmopanama.com,2026-07-03 00:07:22
https://www.inmopanama.com/apartamento-en-venta-en-el-cangrejo_p-141782.htm,141782,Apartamento en Venta en El Cangrejo,El Cangrejo,El Cangrejo,zone_raw,"$747,470",747470,False,,4,4,300,venta,inmopanama.com,2026-07-03 00:07:22
https://www.inmopanama.com/apartamento-en-venta-en-el-cangrejo_p-141783.htm,141783,Apartamento en Venta en El Cangrejo,El Cangrejo,El Cangrejo,zone_raw,"$360,000",360000,False,,3,3,137,venta,inmopanama.com,2026-07-03 00:07:22
https://www.inmopanama.com/apartamento-en-venta-en-el-cangrejo_p-141784.htm,141784,Apartamento en Venta en El Cangrejo,El Cangrejo,El Cangrejo,zone_raw,"$330,400",330400,False,,3,2,118,venta,inmopanama.com,2026-07-03 00:07:22
https://www.inmopanama.com/apartamento-en-venta-en-el-cangrejo_p-141785.htm,141785,Apartamento en Venta en El Cangrejo,El Cangrejo,El Cangrejo,zone_raw,"$270,000",270000,False,,2,2,99,venta,inmopanama.com,2026-07-03 00:07:28
https://www.inmopanama.com/venta-de-apartamento-en-marbella-bella-vista_p-141788.htm,141788,"Venta de Apartamento en Marbella, Bella Vista",Marbella,Marbella,zone_raw,"$275,000",275000,False,,3,3,212,venta,inmopanama.com,2026-07-03 00:07:28
https://www.inmopanama.com/apartamento-en-venta-en-marbella_p-141951.htm,141951,Apartamento en Venta en Marbella,Marbella,Marbella,zone_raw,"$271,454",271454,False,,2,1,57,venta,inmopanama.com,2026-07-03 00:07:28
https://www.inmopanama.com/apartamento-nuevo-en-venta-marbella_p-141952.htm,141952,"Apartamento nuevo en venta, Marbella",Marbella,Marbella,zone_raw,"$307,000",307000,False,,2,2,80,venta,inmopanama.com,2026-07-03 00:07:29
https://www.inmopanama.com/apartamento-nuevo-en-venta-marbella_p-141953.htm,141953,"Apartamento nuevo en venta, Marbella",Marbella,Marbella,zone_raw,"$270,750",270750,False,,2,1,63,venta,inmopanama.com,2026-07-03 00:07:29
https://www.inmopanama.com/apartamento-nuevo-en-venta-marbella_p-141954.htm,141954,"Apartamento nuevo en venta, Marbella",Marbella,Marbella,zone_raw,"$166,856",166856,False,,1,1,37,venta,inmopanama.com,2026-07-03 00:07:29
https://www.inmopanama.com/apartamento-nuevo-en-venta-marbella_p-141955.htm,141955,"Apartamento nuevo en venta, Marbella",Marbella,Marbella,zone_raw,"$226,040",226040,False,,2,1,52,venta,inmopanama.com,2026-07-03 00:07:29
https://www.inmopanama.com/apartamento-nuevo-en-venta-marbella_p-141956.htm,141956,"Apartamento nuevo en venta, Marbella",Marbella,Marbella,zone_raw,"$232,925",232925,False,,2,1,54,venta,inmopanama.com,2026-07-03 00:07:29
https://www.inmopanama.com/apartamento-nuevo-en-venta-marbella_p-141957.htm,141957,"Apartamento nuevo en venta, Marbella",Marbella,Marbella,zone_raw,"$266,500",266500,False,,2,1,62,venta,inmopanama.com,2026-07-03 00:07:29
https://www.inmopanama.com/apartamento-en-venta-en-la-cresta-bella-vista_p-141962.htm,141962,"Apartamento en venta en La Cresta, Bella Vista",La Cresta,bella-vista,pagina_scrapeada_no_resuelto,"$430,000",430000,False,,3,3,342,venta,inmopanama.com,2026-07-03 00:07:29
https://www.inmopanama.com/apartamento-en-venta-en-la-cresta-bella-vista_p-142073.htm,142073,"Apartamento en venta en La Cresta, Bella Vista",La Cresta,bella-vista,pagina_scrapeada_no_resuelto,"$365,000",365000,False,,4,4,343,venta,inmopanama.com,2026-07-03 00:07:29
https://www.inmopanama.com/apartamento-en-venta-en-marbella_p-142093.htm,142093,Apartamento en Venta en Marbella,Marbella,Marbella,zone_raw,"$647,466",647466,False,,2,3,135,venta,inmopanama.com,2026-07-03 00:07:29
https://www.inmopanama.com/apartamento-en-venta-en-marbella_p-142094.htm,142094,Apartamento en Venta en Marbella,Marbella,Marbella,zone_raw,"$446,208",446208,False,,1,2,93,venta,inmopanama.com,2026-07-03 00:07:29
https://www.inmopanama.com/apartamento-en-venta-en-marbella_p-142095.htm,142095,Apartamento en Venta en Marbella,Marbella,Marbella,zone_raw,"$431,832",431832,False,,1,1,90,venta,inmopanama.com,2026-07-03 00:07:29
https://www.inmopanama.com/apartamento-en-venta-en-marbella_p-142096.htm,142096,Apartamento en Venta en Marbella,Marbella,Marbella,zone_raw,"$340,786",340786,False,,1,1,71,venta,inmopanama.com,2026-07-03 00:07:29
https://www.inmopanama.com/venta-de-apartamento-nuevo-en-marbella_p-142098.htm,142098,Venta de Apartamento nuevo en Marbella,Marbella,Marbella,zone_raw,"$174,000",174000,False,,1,1,55,venta,inmopanama.com,2026-07-03 00:07:30
https://www.inmopanama.com/apartamento-nuevo-en-venta-en-la-cresta_p-142102.htm,142102,Apartamento nuevo en venta en La Cresta,La Cresta,bella-vista,pagina_scrapeada_no_resuelto,"$1,275,040",1275040,False,,4,4,432,venta,inmopanama.com,2026-07-03 00:07:30
https://www.inmopanama.com/apartamento-nuevo-en-venta-en-la-cresta_p-142103.htm,142103,Apartamento nuevo en venta en La Cresta,La Cresta,bella-vista,pagina_scrapeada_no_resuelto,"$316,160",316160,False,,2,2,111,venta,inmopanama.com,2026-07-03 00:07:30
https://www.inmopanama.com/apartamento-nuevo-en-venta-en-la-cresta_p-142104.htm,142104,Apartamento nuevo en venta en La Cresta,La Cresta,bella-vista,pagina_scrapeada_no_resuelto,"$234,260",234260,False,,1,2,90,venta,inmopanama.com,2026-07-03 00:07:30
https://www.inmopanama.com/apartamentos-nuevos-en-venta-ubicado-en-marbella_p-142121.htm,142121,Apartamentos nuevos en venta ubicado en Marbella,Marbella,Marbella,zone_raw,"$297,000",297000,False,,3,2,99,venta,inmopanama.com,2026-07-03 00:07:30
https://www.inmopanama.com/apartamentos-nuevos-en-venta-ubicado-en-marbella_p-142122.htm,142122,Apartamentos nuevos en venta ubicado en Marbella,Marbella,Marbella,zone_raw,"$291,000",291000,False,,3,2,97,venta,inmopanama.com,2026-07-03 00:07:34
https://www.inmopanama.com/apartamentos-nuevos-en-venta-ubicado-en-marbella_p-142123.htm,142123,Apartamentos nuevos en venta ubicado en Marbella,Marbella,Marbella,zone_raw,"$286,500",286500,False,,3,2,95,venta,inmopanama.com,2026-07-03 00:07:34
https://www.inmopanama.com/apartamento-nuevo-en-venta-el-cangrejo_p-142147.htm,142147,Apartamento nuevo en venta El Cangrejo,El Cangrejo,El Cangrejo,zone_raw,"$249,900",249900,False,,2,2,92,venta,inmopanama.com,2026-07-03 00:07:34
https://www.inmopanama.com/apartamento-nuevo-en-venta-el-cangrejo_p-142148.htm,142148,Apartamento nuevo en venta El Cangrejo,El Cangrejo,El Cangrejo,zone_raw,"$308,478",308478,False,,2,2,121,venta,inmopanama.com,2026-07-03 00:07:34
https://www.inmopanama.com/apartamento-nuevo-en-venta-el-cangrejo_p-142149.htm,142149,Apartamento nuevo en venta El Cangrejo,El Cangrejo,El Cangrejo,zone_raw,"$199,472",199472,False,,1,2,79,venta,inmopanama.com,2026-07-03 00:07:34
https://www.inmopanama.com/apartamento-nuevo-en-venta-el-cangrejo_p-142150.htm,142150,Apartamento nuevo en venta El Cangrejo,El Cangrejo,El Cangrejo,zone_raw,"$195,058",195058,False,,1,2,71,venta,inmopanama.com,2026-07-03 00:07:34
https://www.inmopanama.com/apartamento-en-venta-en-marbella_p-142200.htm,142200,Apartamento en venta en Marbella,Marbella,Marbella,zone_raw,"$678,898",678898,False,,3,4,170,venta,inmopanama.com,2026-07-03 00:07:34
https://www.inmopanama.com/apartamento-en-venta-en-marbella_p-142201.htm,142201,Apartamento en venta en Marbella,Marbella,Marbella,zone_raw,"$552,436",552436,False,,2,2,143,venta,inmopanama.com,2026-07-03 00:07:34
https://www.inmopanama.com/apartamento-en-venta-calle-50_p-142207.htm,142207,"Apartamento en venta, Calle 50",Calle 50,bella-vista,pagina_scrapeada_no_resuelto,"$171,100",171100,False,,1,2,59,venta,inmopanama.com,2026-07-03 00:07:34
https://www.inmopanama.com/apartamento-en-venta-ph-trinity-el-carmen_p-142232.htm,142232,"Apartamento en venta PH Trinity, El Carmen",El Carmen,Bella Vista,zone_raw_barrio_mapeado,"$220,000",220000,False,,2,2,90,venta,inmopanama.com,2026-07-03 00:07:34
https://www.inmopanama.com/venta-de-apartamento-en-edificio-la-fiesta-obarrio_p-142325.htm,142325,"Venta de Apartamento en Edificio La Fiesta, Obarrio",Obarrio,Obarrio,zone_raw,"$270,000",270000,False,,3,2,249,venta,inmopanama.com,2026-07-03 00:07:35
https://www.inmopanama.com/venta-de-apartamento-en-el-cangrejo_p-142368.htm,142368,Venta de apartamento en El Cangrejo,El Cangrejo,El Cangrejo,zone_raw,"$420,000",420000,False,,3,4,177,venta,inmopanama.com,2026-07-03 00:07:35
https://www.inmopanama.com/venta-de-apartamento-en-el-cangrejo_p-142370.htm,142370,Venta de apartamento en El Cangrejo,El Cangrejo,El Cangrejo,zone_raw,"$348,000",348000,False,,2,3,159,venta,inmopanama.com,2026-07-03 00:07:35
https://www.inmopanama.com/se-vende-apartamentos-en-obarrio_p-142415.htm,142415,Se vende apartamentos en Obarrio,Obarrio,Obarrio,zone_raw,"$470,000",470000,False,,1,1,98,venta,inmopanama.com,2026-07-03 00:07:35
https://www.inmopanama.com/se-vende-apartamentos-en-obarrio_p-142416.htm,142416,Se vende apartamentos en Obarrio,Obarrio,Obarrio,zone_raw,"$390,000",390000,False,,1,1,75,venta,inmopanama.com,2026-07-03 00:07:35
https://www.inmopanama.com/se-vende-apartamentos-en-obarrio_p-142417.htm,142417,Se vende apartamentos en Obarrio,Obarrio,Obarrio,zone_raw,"$460,000",460000,False,,1,1,104,venta,inmopanama.com,2026-07-03 00:07:35
https://www.inmopanama.com/en-venta-apartamento-en-ph-zafiro-el-cangrejo_p-142451.htm,142451,En Venta Apartamento en PH Zafiro El Cangrejo,El Cangrejo,El Cangrejo,zone_raw,"$239,000",239000,False,,2,2,115,venta,inmopanama.com,2026-07-03 00:07:35
https://www.inmopanama.com/apartamento-en-venta-en-el-cangrejo_p-142483.htm,142483,Apartamento en Venta en el Cangrejo,El Cangrejo,El Cangrejo,zone_raw,"$296,482",296482,False,,2,2,94,venta,inmopanama.com,2026-07-03 00:07:35
https://www.inmopanama.com/apartamento-en-venta-en-el-cangrejo_p-142484.htm,142484,Apartamento en Venta en el Cangrejo,El Cangrejo,El Cangrejo,zone_raw,"$424,636",424636,False,,3,2,136,venta,inmopanama.com,2026-07-03 00:07:35
https://www.inmopanama.com/apartamento-en-venta-en-el-cangrejo_p-142485.htm,142485,Apartamento en Venta en el Cangrejo,El Cangrejo,El Cangrejo,zone_raw,"$201,135",201135,False,,2,2,63,venta,inmopanama.com,2026-07-03 00:07:35
https://www.inmopanama.com/centro-obarrio-apartamento-de-1-habitaciones-con-vista-panoramica_p-143460.htm,143460,"Centro Obarrio, Apartamento de 1 Habitaciones con Vista Panorámica",Obarrio,Obarrio,zone_raw,"$240,006",240006,False,,1,2,47,venta,inmopanama.com,2026-07-03 00:07:39
https://www.inmopanama.com/centro-obarrio-apartamento-de-3-habitaciones-con-vista-panoramica_p-143461.htm,143461,"Centro Obarrio, Apartamento de 3 Habitaciones con Vista Panorámica",Obarrio,Obarrio,zone_raw,"$438,012",438012,False,,3,3,95,venta,inmopanama.com,2026-07-03 00:07:39
https://www.inmopanama.com/venta-de-apartamento-en-ph-aptta-bella-vista-panama_p-143450.htm,143450,"Venta de Apartamento en PH APTTA, Bella Vista, Panamá",Bella Vista,Bella Vista,zone_raw,"$193,760",193760,False,,2,2,60,venta,inmopanama.com,2026-07-03 00:07:40
https://www.inmopanama.com/venta-de-apartamento-en-ph-aptta-bella-vista-panama_p-143451.htm,143451,"Venta de Apartamento en PH APTTA, Bella Vista, Panamá",Bella Vista,Bella Vista,zone_raw,"$188,100",188100,False,,2,2,58,venta,inmopanama.com,2026-07-03 00:07:40
https://www.inmopanama.com/centro-obarrio-exclusivo-apartamento-de-2-recamara-con-vista-panoramica_p-143455.htm,143455,"Centro Obarrio, Exclusivo Apartamento de 2 Recámara con Vista Panorámi...",Obarrio,Obarrio,zone_raw,"$299,065",299065,False,,2,2,69,venta,inmopanama.com,2026-07-03 00:07:40
https://www.inmopanama.com/centro-obarrio-exclusivo-apartamento-de-1-recamara-con-vista-panoramica_p-143453.htm,143453,"Centro Obarrio, Exclusivo Apartamento de 1 Recámara con Vista Panorámi...",Obarrio,Obarrio,zone_raw,"$268,922",268922,False,,1,2,62,venta,inmopanama.com,2026-07-03 00:07:40
https://www.inmopanama.com/apartamento-en-venta-av-balboa-ph-destiny_p-143426.htm,143426,Apartamento en venta Av Balboa - PH Destiny,Avenida Balboa,bella-vista,pagina_scrapeada_no_resuelto,"$260,000",260000,False,,1,1,100,venta,inmopanama.com,2026-07-03 00:07:40
https://www.inmopanama.com/apartamento-en-venta-en-via-espana-ph-torres-de-castilla_p-143420.htm,143420,Apartamento en Venta en Via España - PH Torres de Castilla,Vía España,bella-vista,pagina_scrapeada_no_resuelto,"$155,000",155000,False,,2,2,75,venta,inmopanama.com,2026-07-03 00:07:40
https://www.inmopanama.com/se-vende-apartamento-en-armonia-avenida-balboa_p-143384.htm,143384,"Se vende apartamento en Armonía, Avenida Balboa",Bella Vista,Bella Vista,zone_raw,"$169,000",169000,False,,2,2,55,venta,inmopanama.com,2026-07-03 00:07:40
https://www.inmopanama.com/apartamento-en-venta-ph-plaza-valencia-via-espana_p-143414.htm,143414,Apartamento en venta PH Plaza Valencia - Via España,Vía España,bella-vista,pagina_scrapeada_no_resuelto,"$99,500",99500,False,,2,2,64,venta,inmopanama.com,2026-07-03 00:07:40
https://www.inmopanama.com/venta-de-apartamento-en-ph-valencia-plaza_p-143413.htm,143413,Venta de apartamento en PH Valencia Plaza,Vía España,bella-vista,pagina_scrapeada_no_resuelto,"$130,000",130000,False,,3,2,87,venta,inmopanama.com,2026-07-03 00:07:40
https://www.inmopanama.com/venta-de-apartamento-para-inversion-con-licencia-hotelera_p-143389.htm,143389,Venta de apartamento para inversión con Licencia hotelera,Marbella,Marbella,zone_raw,"$230,000",230000,False,,2,2,66,venta,inmopanama.com,2026-07-03 00:07:40
https://www.inmopanama.com/se-vende-apartamento-en-bella-vista-calle-uruguay_p-143380.htm,143380,Se Vende apartamento en Bella Vista Calle Uruguay.,Marbella,Marbella,zone_raw,"$217,000",217000,False,,1,1,35,venta,inmopanama.com,2026-07-03 00:07:40
https://www.inmopanama.com/se-vende-apartamento-en-uptown-bella-vista_p-143379.htm,143379,Se Vende apartamento en UPTOWN Bella Vista.,Marbella,Marbella,zone_raw,"$331,200",331200,False,,2,2,86,venta,inmopanama.com,2026-07-03 00:07:40
https://www.inmopanama.com/se-vende-apartamento-en-el-carmen-ph-trinitty_p-143377.htm,143377,Se Vende Apartamento en El carmen PH Trinitty,El Carmen,Bella Vista,zone_raw_barrio_mapeado,"$175,000",175000,False,,2,2,89,venta,inmopanama.com,2026-07-03 00:07:40
https://www.inmopanama.com/venta-de-apartamento-en-avenida-balboa-los-delfines_p-143309.htm,143309,Venta de Apartamento en Avenida Balboa-Los Delfines,Bella Vista,Bella Vista,zone_raw,"$480,000",480000,False,,3,3,280,venta,inmopanama.com,2026-07-03 00:07:41
https://www.inmopanama.com/preventa-de-apartamentos-en-obarrio-mova-residences_p-143308.htm,143308,"Preventa de Apartamentos en Obarrio, Mova Residences",Obarrio,Obarrio,zone_raw,"$320,755",320755,False,,1,2,68,venta,inmopanama.com,2026-07-03 00:07:41
https://www.inmopanama.com/venta-de-apartamento-en-via-argentina-panama_p-143307.htm,143307,"Venta de Apartamento en Via Argentina, Panamá",Via Argentina,bella-vista,pagina_scrapeada_no_resuelto,"$243,977",243977,False,,3,3,86,venta,inmopanama.com,2026-07-03 00:07:41
https://www.inmopanama.com/venta-de-apartamento-en-ph-carreras-el-carmen_p-143197.htm,143197,"Venta de apartamento en PH Carreras, El Carmen",El Carmen,Bella Vista,zone_raw_barrio_mapeado,"$210,000",210000,False,,3,2,92,venta,inmopanama.com,2026-07-03 00:07:41
https://www.inmopanama.com/venta-de-apartamento-en-ph-araguaney-el-carmen_p-143192.htm,143192,"Venta de apartamento en PH Araguaney, El Carmen",El Carmen,Bella Vista,zone_raw_barrio_mapeado,"$210,000",210000,False,,3,3,209,venta,inmopanama.com,2026-07-03 00:07:41
https://www.inmopanama.com/espacioso-apartamento-de-3-recamaras-con-vista-al-mar_p-143179.htm,143179,Espacioso Apartamento de 3 Recámaras con Vista al Mar,Bella Vista,Bella Vista,zone_raw,"$375,000",375000,False,,3,3,197,venta,inmopanama.com,2026-07-03 00:07:45
https://www.inmopanama.com/espacioso-apartamento-en-el-corazon-de-el-cangrejo_p-143175.htm,143175,Espacioso Apartamento en el Corazón de El Cangrejo,El Cangrejo,El Cangrejo,zone_raw,"$330,000",330000,False,,3,3,332,venta,inmopanama.com,2026-07-03 00:07:45
https://www.inmopanama.com/venta-de-apartamentos-proyecto-armonia-bella-vista_p-136217.htm,136217,"VENTA DE APARTAMENTOS  PROYECTO ARMONÍA, BELLA VISTA",Bella Vista,Bella Vista,zone_raw,"$192,577",192577,False,,1,1,45,venta,inmopanama.com,2026-07-03 00:07:45
https://www.inmopanama.com/venta-de-apartamentos-en-proyecto-van-gogh-el-cangrejo_p-143154.htm,143154,VENTA DE APARTAMENTOS EN PROYECTO VAN GOGH | EL CANGREJO,El Cangrejo,El Cangrejo,zone_raw,"$223,128",223128,False,,1,2,79,venta,inmopanama.com,2026-07-03 00:07:45
https://www.inmopanama.com/via-espana-apartamento-en-venta_p-143411.htm,143411,Vía España Apartamento en venta,Vía España,bella-vista,pagina_scrapeada_no_resuelto,"$168,000",168000,False,,2,2,79,venta,inmopanama.com,2026-07-03 00:07:45
https://www.inmopanama.com/obarrio-apartamento-en-venta_p-143140.htm,143140,Obarrio Apartamento en venta,Obarrio,Obarrio,zone_raw,"$225,000",225000,False,,3,2,117,venta,inmopanama.com,2026-07-03 00:07:45
https://www.inmopanama.com/venta-de-apartamentos-en-centro-obarrio_p-143138.htm,143138,VENTA DE APARTAMENTOS EN CENTRO OBARRIO,Obarrio,Obarrio,zone_raw,"$180,519",180519,False,,1,2,31,venta,inmopanama.com,2026-07-03 00:07:45
https://www.inmopanama.com/venta-apartamento-ph-chaquira-plaza-urb-herbruger_p-143087.htm,143087,Venta Apartamento PH Chaquira Plaza Urb. Herbruger,El Carmen,Bella Vista,zone_raw_barrio_mapeado,"$215,000",215000,False,,3,3,123,venta,inmopanama.com,2026-07-03 00:07:45
https://www.inmopanama.com/apartamento-en-venta-en-bella-vista-ph-parque-marbella_p-143085.htm,143085,Apartamento en venta en Bella Vista  PH Parque Marbella,Bella Vista,Bella Vista,zone_raw,"$199,000",199000,False,,2,2,125,venta,inmopanama.com,2026-07-03 00:07:45
https://www.inmopanama.com/venta-de-apartamento-en-ph-costa-mar-en-avenida-balboa_p-143084.htm,143084,VENTA DE APARTAMENTO EN PH COSTA MAR EN AVENIDA BALBOA,Marbella,Marbella,zone_raw,"$340,000",340000,False,,3,3,241,venta,inmopanama.com,2026-07-03 00:07:46
https://www.inmopanama.com/venta-de-apartamento-en-ph-plaza-mar-marbella_p-143075.htm,143075,"VENTA DE APARTAMENTO EN PH PLAZA MAR, MARBELLA",Marbella,Marbella,zone_raw,"$195,000",195000,False,,3,2,131,venta,inmopanama.com,2026-07-03 00:07:46
https://www.inmopanama.com/venta-de-penthouse-con-linea-blanca-en-marbella-panama_p-142795.htm,142795,"Venta de Penthouse con Línea Blanca en Marbella, Panamá",Bella Vista,Bella Vista,zone_raw,"$915,000",915000,False,,4,4,407,venta,inmopanama.com,2026-07-03 00:07:46
https://www.inmopanama.com/venta-de-apartamento-para-rentas-cortas-con-licencia-hotelera_p-142779.htm,142779,Venta de apartamento para rentas cortas con Licencia Hotelera,Bella Vista,Bella Vista,zone_raw,"$104,000",104000,False,,1,1,33,alquiler,inmopanama.com,2026-07-03 00:07:46
https://www.inmopanama.com/se-vende-apartamento-en-bella-vista-bella-vista_p-142698.htm,142698,"Se vende apartamento en Bella Vista, Bella Vista",Bella Vista,Bella Vista,zone_raw,"$180,000",180000,False,,3,2,117,venta,inmopanama.com,2026-07-03 00:07:46
https://www.inmopanama.com/apartamento-en-venta-ph-el-mare_p-142635.htm,142635,Apartamento en venta PH El Mare,Bella Vista,Bella Vista,zone_raw,"$100,200",100200,False,,2,1,61,venta,inmopanama.com,2026-07-03 00:07:46
https://www.inmopanama.com/se-vende-apartamento-en-ph-rivage-avenida-balboa_p-142572.htm,142572,"Se vende apartamento en PH Rivage, Avenida Balboa",Bella Vista,Bella Vista,zone_raw,"$420,000",420000,False,,2,2,176,venta,inmopanama.com,2026-07-03 00:07:46
https://www.inmopanama.com/venta-de-apartamento-vacio-en-ave-balboa-panama_p-142811.htm,142811,"Venta de Apartamento Vacío en Ave. Balboa, Panamá",Bella Vista,Bella Vista,zone_raw,"$220,000",220000,False,,1,1,98,venta,inmopanama.com,2026-07-03 00:07:46
https://www.inmopanama.com/venta-de-apartamento-en-ph-h2o_p-142813.htm,142813,Venta de apartamento en PH H2O,Bella Vista,Bella Vista,zone_raw,"$240,000",240000,False,,1,1,101,venta,inmopanama.com,2026-07-03 00:07:46
https://www.inmopanama.com/venta-de-apartamento-amoblado-en-ph-park-city-obarrio_p-142822.htm,142822,"Venta de Apartamento amoblado en PH Park City, Obarrio",Bella Vista,Bella Vista,zone_raw,"$279,000",279000,False,,2,2,110,venta,inmopanama.com,2026-07-03 00:07:46
https://www.inmopanama.com/venta-de-apatamento-amoblado-en-ph-rivage-ave-balboa_p-142824.htm,142824,"Venta de Apatamento amoblado en PH Rivage, Ave. Balboa",Bella Vista,Bella Vista,zone_raw,"$349,000",349000,False,,2,2,150,venta,inmopanama.com,2026-07-03 00:07:46
https://www.inmopanama.com/venta-de-apatamento-amoblado-en-ph-rivage-ave-balboa_p-142825.htm,142825,"Venta de Apatamento amoblado en PH Rivage, Ave. Balboa",Bella Vista,Bella Vista,zone_raw,"$349,000",349000,False,,2,2,150,venta,inmopanama.com,2026-07-03 00:07:50
https://www.inmopanama.com/venta-de-apartamentos-en-seaside-house-panama_p-142845.htm,142845,VENTA DE APARTAMENTOS EN SEASIDE HOUSE  PANAMÁ,Bella Vista,Bella Vista,zone_raw,"$250,000",250000,False,,2,2,56,venta,inmopanama.com,2026-07-03 00:07:50
https://www.inmopanama.com/venta-de-penthouse-en-ph-torre-del-pacifico-b-marbella_p-142854.htm,142854,"VENTA DE PENTHOUSE EN PH TORRE DEL PACIFICO B, MARBELLA",Bella Vista,Bella Vista,zone_raw,"$950,000",950000,False,,4,4,407,venta,inmopanama.com,2026-07-03 00:07:51
https://www.inmopanama.com/alquiler-o-venta-de-apartamento-amoblado-en-ph-rivage-tower_p-142873.htm,142873,Alquiler o Venta de apartamento amoblado en PH Rivage Tower,Bella Vista,Bella Vista,zone_raw,"$380,000",380000,False,,2,2,154,alquiler,inmopanama.com,2026-07-03 00:07:51
https://www.inmopanama.com/venta-de-apartamentos-de-dos-habitaciones-en-costanera-torre-aqua_p-142908.htm,142908,Venta de apartamentos de dos habitaciones en Costanera - Torre Aqua,Bella Vista,Bella Vista,zone_raw,"$313,000",313000,False,,2,2,85,venta,inmopanama.com,2026-07-03 00:07:51
https://www.inmopanama.com/venta-de-apartamentos-de-3-habitaciones-en-costanera-bella-vista_p-142910.htm,142910,"Venta de apartamentos de 3 habitaciones en Costanera, Bella Vista",Bella Vista,Bella Vista,zone_raw,"$564,000",564000,False,,3,3,164,venta,inmopanama.com,2026-07-03 00:07:51
https://www.inmopanama.com/venta-de-apartamentos-de-2-habitaciones-en-ph-more-via-argentina_p-142931.htm,142931,"Venta de apartamentos de 2 habitaciones en PH More, Vía Argentina",Bella Vista,Bella Vista,zone_raw,"$183,168",183168,False,,2,2,61,venta,inmopanama.com,2026-07-03 00:07:51
https://www.inmopanama.com/venta-de-apartamentos-de-1-habitacion-en-ph-more-via-argentina_p-142932.htm,142932,"Venta de apartamentos de 1 habitación en PH More, Vía Argentina",Bella Vista,Bella Vista,zone_raw,"$143,789",143789,False,,1,1,45,venta,inmopanama.com,2026-07-03 00:07:51
https://www.inmopanama.com/venta-de-apartamento-amoblado-en-ph-vista-del-mar-av-balboa_p-142943.htm,142943,"Venta de apartamento amoblado en PH Vista del Mar, AV. Balboa",Bella Vista,Bella Vista,zone_raw,"$200,000",200000,False,,1,1,117,venta,inmopanama.com,2026-07-03 00:07:51
https://www.inmopanama.com/venta-de-apartamentos-en-armonia-avenida-balboa-panama_p-142958.htm,142958,"Venta de apartamentos en Armonía, Avenida Balboa, Panamá",Bella Vista,Bella Vista,zone_raw,"$206,783",206783,False,,2,2,66,venta,inmopanama.com,2026-07-03 00:07:51
https://www.inmopanama.com/apartamento-en-venta-ph-plaza-valencia-via-espana_p-142805.htm,142805,Apartamento en venta PH Plaza Valencia - Via España,Vista Hermosa,bella-vista,pagina_scrapeada_no_resuelto,"$99,500",99500,False,,2,2,64,venta,inmopanama.com,2026-07-03 00:07:51
https://www.inmopanama.com/venta-de-penthouse-en-el-cangrejo-panama_p-142793.htm,142793,"Venta de Penthouse en El Cangrejo, Panamá",El Cangrejo,El Cangrejo,zone_raw,"$1,250,000",1250000,False,,4,4,847,venta,inmopanama.com,2026-07-03 00:07:51
https://www.inmopanama.com/venta-de-apartamento-en-el-cangrejo_p-142781.htm,142781,Venta de apartamento en El Cangrejo,El Cangrejo,El Cangrejo,zone_raw,"$320,000",320000,False,,3,2,122,venta,inmopanama.com,2026-07-03 00:07:51
https://www.inmopanama.com/venta-de-apartamento-para-inversion-con-licencia-hotelera_p-142778.htm,142778,Venta de apartamento para inversión con Licencia hotelera,Marbella,Marbella,zone_raw,"$230,000",230000,False,,2,2,66,venta,inmopanama.com,2026-07-03 00:07:51
https://www.inmopanama.com/venta-de-apartamento-en-el-cangrejo-bella-vista_p-142632.htm,142632,"Venta de apartamento en El Cangrejo, Bella Vista",El Cangrejo,El Cangrejo,zone_raw,"$188,999",188999,False,,2,2,89,venta,inmopanama.com,2026-07-03 00:07:51
https://www.inmopanama.com/venta-de-apartamento-en-ph-metro-towers_p-143409.htm,143409,Venta de apartamento en PH Metro Towers,Vía España,bella-vista,pagina_scrapeada_no_resuelto,"$120,000",120000,False,,2,1,72,venta,inmopanama.com,2026-07-03 00:07:52
https://www.inmopanama.com/venta-de-apartamento-en-ph-sky-park-san-francisco_p-143408.htm,143408,"Venta de apartamento en PH Sky Park, San Francisco",Vía España,bella-vista,pagina_scrapeada_no_resuelto,"$150,000",150000,False,,2,2,70,venta,inmopanama.com,2026-07-03 00:07:52
https://www.inmopanama.com/venta-de-apartamento-en-ph-valencia-plaza_p-143407.htm,143407,Venta de apartamento en PH Valencia Plaza,Vía España,bella-vista,pagina_scrapeada_no_resuelto,"$130,000",130000,False,,3,2,87,venta,inmopanama.com,2026-07-03 00:07:52
https://www.inmopanama.com/venta-de-apartamento-en-ph-nova-luna-via-brasil_p-142836.htm,142836,Venta de Apartamento en PH Nova Luna  Vía Brasil,Obarrio,Obarrio,zone_raw,"$257,300",257300,False,,2,2,82,venta,inmopanama.com,2026-07-03 00:07:52
https://www.inmopanama.com/venta-de-apartamento-en-galeria-uno-obarrio_p-142888.htm,142888,"Venta de Apartamento en Galería Uno, Obarrio",Obarrio,Obarrio,zone_raw,"$269,000",269000,False,,2,2,134,venta,inmopanama.com,2026-07-03 00:07:52
https://www.inmopanama.com/venta-de-apartamentos-de-3-habitaciones-en-ph-more-via-argentina_p-142930.htm,142930,"Venta de apartamentos de 3 habitaciones en PH More, Vía Argentina",El Cangrejo,El Cangrejo,zone_raw,"$245,671",245671,False,,3,2,86,venta,inmopanama.com,2026-07-03 00:07:56
https://www.inmopanama.com/venta-de-apartamento-ph-torre-ebbelle-marbella_p-142978.htm,142978,"VENTA DE APARTAMENTO PH TORRE EBBELLE, MARBELLA",Marbella,Marbella,zone_raw,"$250,500",250500,False,,3,4,167,venta,inmopanama.com,2026-07-03 00:07:56
https://www.inmopanama.com/venta-de-apartamento-en-ph-condesa-del-mar-av-balboa_p-142509.htm,142509,"Venta de apartamento en PH Condesa del Mar, Av. Balboa",Bella Vista,Bella Vista,zone_raw,"$655,000",655000,False,,3,3,332,venta,inmopanama.com,2026-07-03 00:07:56
https://www.inmopanama.com/venta-apartamento-amoblado-en-ph-san-roque-via-espana_p-143406.htm,143406,"Venta Apartamento amoblado en PH San Roque, Via España",Vía España,bella-vista,pagina_scrapeada_no_resuelto,"$117,000",117000,False,,1,1,65,venta,inmopanama.com,2026-07-03 00:07:56
https://www.inmopanama.com/se-vende-penthouse-en-prestige-bella-vista_p-142472.htm,142472,Se vende penthouse en Prestige bella vista,Bella Vista,Bella Vista,zone_raw,"$695,000",695000,False,,4,4,335,venta,inmopanama.com,2026-07-03 00:07:56
https://www.inmopanama.com/se-vende-apartamento-en-the-edge-marbella_p-142473.htm,142473,Se vende apartamento en The edge marbella,Bella Vista,Bella Vista,zone_raw,"$225,000",225000,False,,2,2,72,venta,inmopanama.com,2026-07-03 00:07:56
https://www.inmopanama.com/se-vende-hermoso-apartamento-en-p-h-luxor-towers_p-136835.htm,136835,SE VENDE HERMOSO APARTAMENTO EN P.H. LUXOR TOWERS,Bella Vista,Bella Vista,zone_raw,"$360,000",360000,False,,3,2,175,venta,inmopanama.com,2026-07-03 00:07:56
https://www.inmopanama.com/se-vende-apartamento-en-vista-hermosa_p-139881.htm,139881,Se Vende apartamento en Vista Hermosa.,Vista Hermosa,bella-vista,pagina_scrapeada_no_resuelto,"$200,000",200000,False,,2,2,89,venta,inmopanama.com,2026-07-03 00:07:56
https://www.inmopanama.com/venta-de-apartamento-en-ph-condesa-del-mar-av-balboa_p-139925.htm,139925,"Venta de apartamento en PH Condesa del Mar, Av. Balboa",Avenida Balboa,bella-vista,pagina_scrapeada_no_resuelto,"$655,000",655000,False,,3,3,332,venta,inmopanama.com,2026-07-03 00:07:57
https://www.inmopanama.com/alquiler-de-apartamento-ph-aranjuez-via-argentina_p-139809.htm,139809,Alquiler de apartamento PH Aranjuez via argentina,Bella Vista,Bella Vista,zone_raw,"$330,000",330000,False,,3,3,170,alquiler,inmopanama.com,2026-07-03 00:07:57
https://www.inmopanama.com/se-vende-apartamento-en-los-delfines-av-balboa_p-139860.htm,139860,"Se vende Apartamento en Los delfines, Av. Balboa",Bella Vista,Bella Vista,zone_raw,"$420,000",420000,False,,3,4,210,venta,inmopanama.com,2026-07-03 00:07:57
https://www.inmopanama.com/venta-de-apartamento-en-ph-condesa-del-mar-avenida-balboa-panama_p-139877.htm,139877,"Venta de Apartamento en PH Condesa del Mar, Avenida Balboa, Panamá.",Bella Vista,Bella Vista,zone_raw,"$495,000",495000,False,,3,4,332,venta,inmopanama.com,2026-07-03 00:07:57
https://www.inmopanama.com/venta-apartamento-en-ph-waters-on-the-bay-avenida-balboa_p-139878.htm,139878,"Venta Apartamento en PH Waters on the Bay, Avenida Balboa.",Bella Vista,Bella Vista,zone_raw,"$340,000",340000,False,,2,2,122,venta,inmopanama.com,2026-07-03 00:07:57
https://www.inmopanama.com/venta-de-apartamento-en-edificio-tiquiyoli-el-cangrejo_p-139749.htm,139749,"Venta de apartamento en Edificio Tiquiyoli, El Cangrejo",El Cangrejo,El Cangrejo,zone_raw,"$365,000",365000,False,,3,2,360,venta,inmopanama.com,2026-07-03 00:07:57
https://www.inmopanama.com/apartamento-en-alquiler-venta-ph-monaco-obarrio_p-139750.htm,139750,"Apartamento en alquiler/Venta  PH Mónaco, Obarrio",Obarrio,Obarrio,zone_raw,"$248,000",248000,False,,3,3,170,alquiler,inmopanama.com,2026-07-03 00:07:57
https://www.inmopanama.com/venta-de-apartamento-en-ph-cresta-view-bella-vista_p-139768.htm,139768,"Venta de apartamento en PH Cresta View, Bella Vista",La Cresta,bella-vista,pagina_scrapeada_no_resuelto,"$145,000",145000,False,,2,2,70,venta,inmopanama.com,2026-07-03 00:07:57
https://www.inmopanama.com/venta-de-penthouse-en-costa-del-mar-marbella_p-139914.htm,139914,"VENTA DE PENTHOUSE EN COSTA DEL MAR, MARBELLA.",Marbella,Marbella,zone_raw,"$760,000",760000,False,,4,5,525,venta,inmopanama.com,2026-07-03 00:07:57
https://www.inmopanama.com/apartamento-en-venta-en-grandbay-tower_p-139687.htm,139687,Apartamento en venta en GrandBay Tower,Bella Vista,Bella Vista,zone_raw,"$235,900",235900,False,,1,2,103,venta,inmopanama.com,2026-07-03 00:07:57
https://www.inmopanama.com/apartamento-de-lujo-con-terraza-en-marbella-panama_p-139685.htm,139685,"Apartamento de Lujo con Terraza en Marbella, Panamá",Marbella,Marbella,zone_raw,"$875,000",875000,False,,2,2,225,venta,inmopanama.com,2026-07-03 00:07:57
https://www.inmopanama.com/venta-de-apartamento-en-bella-vista-rp-ph-lemon-tower_p-137707.htm,137707,Venta de Apartamento en Bella Vista RP PH Lemon Tower,Bella Vista,Bella Vista,zone_raw,"$185,000",185000,False,,1,1,60,venta,inmopanama.com,2026-07-03 00:07:57
https://www.inmopanama.com/se-vende-apartamento-en-costanera-bella-vista_p-136512.htm,136512,"Se vende apartamento en Costanera, Bella Vista",Bella Vista,Bella Vista,zone_raw,"$312,000",312000,False,,3,2,121,venta,inmopanama.com,2026-07-03 00:08:01
https://www.inmopanama.com/venta-de-apartamento-en-avenida-balboa_p-136721.htm,136721,Venta de apartamento en avenida balboa,Avenida Balboa,bella-vista,pagina_scrapeada_no_resuelto,"$369,000",369000,False,,2,2,176,venta,inmopanama.com,2026-07-03 00:08:01
https://www.inmopanama.com/se-vende-apartamento-en-avenida-balboa-panama_p-136309.htm,136309,"Se vende apartamento en Avenida Balboa, Panamá",Avenida Balboa,bella-vista,pagina_scrapeada_no_resuelto,"$595,000",595000,False,,3,4,333,venta,inmopanama.com,2026-07-03 00:08:01
https://www.inmopanama.com/venta-de-apartamento-en-sky-ave-balboa_p-143042.htm,143042,VENTA DE APARTAMENTO EN SKY AVE BALBOA,Avenida Balboa,bella-vista,pagina_scrapeada_no_resuelto,"$365,000",365000,False,,2,2,134,venta,inmopanama.com,2026-07-03 00:08:02
https://www.inmopanama.com/hermoso-apartamento-con-vista-al-mar-en-venta-beautiful-apartment-for-sale-with-ocean-view_p-138305.htm,138305,Hermoso Apartamento con Vista al Mar en Venta/Beautiful Apartment for ...,Avenida Balboa,bella-vista,pagina_scrapeada_no_resuelto,"$256,000",256000,False,,1,1,101,venta,inmopanama.com,2026-07-03 00:08:02
https://www.inmopanama.com/venta-de-apartamento-en-ph-rivage-avenida-balboa_p-139532.htm,139532,"Venta de apartamento en PH Rivage, Avenida Balboa",Avenida Balboa,bella-vista,pagina_scrapeada_no_resuelto,"$420,000",420000,False,,2,2,176,venta,inmopanama.com,2026-07-03 00:08:02
https://www.inmopanama.com/venta-de-apartamentos-ph-the-sands-avenida-balboa-panama_p-136558.htm,136558,"Venta de apartamentos, PH The Sands, Avenida Balboa, Panamá",Avenida Balboa,bella-vista,pagina_scrapeada_no_resuelto,"$135,000",135000,False,,1,1,50,venta,inmopanama.com,2026-07-03 00:08:02
https://www.inmopanama.com/venta-de-apartamento-ph-rocamar-227-66-m2_p-138045.htm,138045,"Venta de apartamento ph rocamar, 227.66 m2",Bella Vista,Bella Vista,zone_raw,"$320,000",320000,False,,3,3,227,venta,inmopanama.com,2026-07-03 00:08:02
https://www.inmopanama.com/vendo-penthouse-en-el-cangrejo-200mts-3-rec-cbe-lujoso-y-amplio_p-143031.htm,143031,"Vendo penthouse en el Cangrejo 200mts, 3 rec + cbe, lujoso y amplio",El Cangrejo,El Cangrejo,zone_raw,"$491,000",491000,False,,3,3,200,venta,inmopanama.com,2026-07-03 00:08:02
https://www.inmopanama.com/venta-de-apartamento-en-bella-vista_p-137677.htm,137677,Venta de Apartamento en Bella Vista,Bella Vista,Bella Vista,zone_raw,"$189,000",189000,False,,2,2,147,venta,inmopanama.com,2026-07-03 00:08:02
https://www.inmopanama.com/venta-de-apartamento-en-bella-vista_p-137650.htm,137650,Venta de Apartamento en Bella Vista,Bella Vista,Bella Vista,zone_raw,"$315,000",315000,False,,3,2,227,venta,inmopanama.com,2026-07-03 00:08:02
https://www.inmopanama.com/venta-de-apartamento-en-torre-aqua-de-costanera-ave-balboa_p-137619.htm,137619,Venta de Apartamento en Torre Aqua de Costanera Ave Balboa,Avenida Balboa,bella-vista,pagina_scrapeada_no_resuelto,"$391,000",391000,False,,3,2,121,venta,inmopanama.com,2026-07-03 00:08:02
https://www.inmopanama.com/venta-de-apartamentos-proyecto-ph-prestige-bella-vista-panama_p-136596.htm,136596,"Venta de apartamentos, proyecto PH Prestige, Bella Vista, Panamá",Bella Vista,Bella Vista,zone_raw,"$695,000",695000,False,,4,2,335,venta,inmopanama.com,2026-07-03 00:08:02
https://www.inmopanama.com/venta-de-apartamentos-proyecto-ph-the-gray-calle-50-panama_p-136590.htm,136590,"Venta de apartamentos, proyecto PH The Gray, Calle 50, Panamá",Bella Vista,Bella Vista,zone_raw,"$137,000",137000,False,,2,2,43,venta,inmopanama.com,2026-07-03 00:08:02
https://www.inmopanama.com/venta-de-apartamento-en-la-avenida-balboa_p-137297.htm,137297,Venta de Apartamento en la Avenida Balboa,Avenida Balboa,bella-vista,pagina_scrapeada_no_resuelto,"$249,000",249000,False,,3,3,125,venta,inmopanama.com,2026-07-03 00:08:02
https://www.inmopanama.com/proyecto-mova-97-m2-obarrio_p-136892.htm,136892,Proyecto MOVA | 97 m2 - Obarrio,Obarrio,Obarrio,zone_raw,"$445,000",445000,False,,2,2,1028,venta,inmopanama.com,2026-07-03 00:08:03
https://www.inmopanama.com/proyecto-mova-201m2-obarrio_p-136893.htm,136893,Proyecto MOVA | 201m2 - Obarrio,Obarrio,Obarrio,zone_raw,"$794,000",794000,False,,3,3,2163,venta,inmopanama.com,2026-07-03 00:08:03
https://www.inmopanama.com/venta-de-apartamento-en-bella-vista_p-137054.htm,137054,VENTA DE APARTAMENTO EN BELLA VISTA,Bella Vista,Bella Vista,zone_raw,"$199,000",199000,False,,3,2,111,venta,inmopanama.com,2026-07-03 00:08:03
https://www.inmopanama.com/se-vende-apartamento-en-bella-vista_p-136953.htm,136953,SE VENDE APARTAMENTO EN BELLA VISTA,Bella Vista,Bella Vista,zone_raw,"$205,000",205000,False,,2,2,91,venta,inmopanama.com,2026-07-03 00:08:03
https://www.inmopanama.com/se-vende-apartamento-en-bella-vista_p-139378.htm,139378,SE VENDE APARTAMENTO EN BELLA VISTA,Bella Vista,Bella Vista,zone_raw,"$170,000",170000,False,,1,1,60,venta,inmopanama.com,2026-07-03 00:08:03
https://www.inmopanama.com/venta-de-apartamento-en-obarrio-bella-vista-panama_p-136861.htm,136861,"Venta de Apartamento en Obarrio, Bella Vista, Panamá",Obarrio,Obarrio,zone_raw,"$249,000",249000,False,,2,2,135,venta,inmopanama.com,2026-07-03 00:08:07
https://www.inmopanama.com/venta-de-apartamento-amoblado-en-el-carmen_p-136822.htm,136822,Venta de Apartamento Amoblado en El Carmen,El Carmen,Bella Vista,zone_raw_barrio_mapeado,"$155,000",155000,False,,1,2,95,venta,inmopanama.com,2026-07-03 00:08:07
https://www.inmopanama.com/venta-de-apartamentos-proyecto-ph-moderna-marbella-panama_p-136722.htm,136722,"Venta de apartamentos, Proyecto PH Moderna, Marbella, Panamá",Marbella,Marbella,zone_raw,"$156,320",156320,False,,1,1,35,venta,inmopanama.com,2026-07-03 00:08:07
https://www.inmopanama.com/venta-de-apartamentos-proyectos-ph-panoramic-marbella-panama_p-136711.htm,136711,"Venta de apartamentos, Proyectos PH Panoramic, Marbella, Panamá",Marbella,Marbella,zone_raw,"$265,000",265000,False,,2,2,99,venta,inmopanama.com,2026-07-03 00:08:07
https://www.inmopanama.com/venta-de-apartamentos-proyecto-ph-the-edge-ave-balboa-panama_p-136609.htm,136609,"Venta de apartamentos, Proyecto PH The Edge, Ave. Balboa, Panamá",Avenida Balboa,bella-vista,pagina_scrapeada_no_resuelto,"$192,000",192000,False,,1,1,55,venta,inmopanama.com,2026-07-03 00:08:07
https://www.inmopanama.com/venta-de-apartamentos-proyecto-ph-amazonas-bella-vista-panama_p-136594.htm,136594,"Venta de apartamentos, proyecto PH Amazonas, Bella Vista, Panamá",Bella Vista,Bella Vista,zone_raw,"$120,000",120000,False,,1,1,43,venta,inmopanama.com,2026-07-03 00:08:07
https://www.inmopanama.com/venta-de-apartamento-reposeido-en-avenida-balboa-ph-belle-view_p-136530.htm,136530,"Venta de Apartamento Reposeído en Avenida Balboa, PH Belle View",Avenida Balboa,bella-vista,pagina_scrapeada_no_resuelto,"$350,000",350000,False,,3,2,180,venta,inmopanama.com,2026-07-03 00:08:07
https://www.inmopanama.com/venta-de-apartamento-reposeido-bella-vista-ph-bell-view-torre_p-136515.htm,136515,"Venta de apartamento reposeído, Bella Vista, Ph Bell View Torre",Avenida Balboa,bella-vista,pagina_scrapeada_no_resuelto,"$247,500",247500,False,,2,2,127,venta,inmopanama.com,2026-07-03 00:08:07
https://www.inmopanama.com/venta-de-apartamentos-ph-more-via-argentina-panama_p-136421.htm,136421,"Venta de apartamentos, PH More, Via Argentina, Panamá",El Cangrejo,El Cangrejo,zone_raw,"$144,371",144371,False,,1,1,45,venta,inmopanama.com,2026-07-03 00:08:07
https://www.inmopanama.com/venta-de-apartamentos-en-ph-nook-bella-vista_p-136298.htm,136298,"Venta de apartamentos en PH Nook, Bella Vista",Bella Vista,Bella Vista,zone_raw,"$125,000",125000,False,,1,1,41,venta,inmopanama.com,2026-07-03 00:08:08
https://www.inmopanama.com/venta-de-apartamento-en-bella-vista-panama_p-136293.htm,136293,"Venta de apartamento en Bella Vista, Panamá",Bella Vista,Bella Vista,zone_raw,"$370,000",370000,False,,3,3,267,venta,inmopanama.com,2026-07-03 00:08:08
https://www.inmopanama.com/venta-de-apartamento-amoblado-en-avenida-balboa-panama_p-136305.htm,136305,"Venta de apartamento amoblado en Avenida Balboa, Panamá",Avenida Balboa,bella-vista,pagina_scrapeada_no_resuelto,"$400,000",400000,False,,2,2,176,venta,inmopanama.com,2026-07-03 00:08:08
https://www.inmopanama.com/venta-de-apartamento-en-avenida-balboa-panama_p-136304.htm,136304,"Venta de apartamento en Avenida Balboa, Panamá",Avenida Balboa,bella-vista,pagina_scrapeada_no_resuelto,"$625,000",625000,False,,4,5,317,venta,inmopanama.com,2026-07-03 00:08:08
https://www.inmopanama.com/venta-de-apartamentos-en-ph-lov-el-cangrejo-panama_p-136233.htm,136233,"Venta de apartamentos en PH LOV, El Cangrejo, Panamá",El Cangrejo,El Cangrejo,zone_raw,"$183,000",183000,False,,1,2,68,venta,inmopanama.com,2026-07-03 00:08:08
https://www.inmopanama.com/se-vende-penthouse-reposeido-de-2-plantas-en-obarrio-panama_p-136239.htm,136239,"Se vende penthouse reposeído de 2 plantas en Obarrio, Panamá",Obarrio,Obarrio,zone_raw,"$1,500,000",1500000,False,,4,4,1310,venta,inmopanama.com,2026-07-03 00:08:08
https://www.inmopanama.com/venta-de-apartamentos-en-proyecto-costanera-bella-vista_p-136193.htm,136193,"Venta de apartamentos en proyecto Costanera, Bella Vista",Bella Vista,Bella Vista,zone_raw,"$312,000",312000,False,,2,2,85,venta,inmopanama.com,2026-07-03 00:08:08
https://www.inmopanama.com/venta-de-apartamentos-en-proyecto-costanera-bella-vista_p-136196.htm,136196,"Venta de apartamentos en proyecto Costanera, Bella Vista",Bella Vista,Bella Vista,zone_raw,"$550,000",550000,False,,3,2,123,venta,inmopanama.com,2026-07-03 00:08:08
https://www.inmopanama.com/venta-de-apartamento-ph-vista-marina-avenida-balboa_p-136212.htm,136212,"Venta de apartamento, PH Vista Marina, Avenida Balboa",Marbella,Marbella,zone_raw,"$220,000",220000,False,,2,2,117,venta,inmopanama.com,2026-07-03 00:08:08
https://www.inmopanama.com/venta-de-apartamento-en-torres-de-castilla-panama_p-136152.htm,136152,"Venta de apartamento en Torres de Castilla, Panamá",Bella Vista,Bella Vista,zone_raw,"$170,000",170000,False,,2,2,86,venta,inmopanama.com,2026-07-03 00:08:08
https://www.inmopanama.com/venta-de-apartamento-en-marbella-panama_p-136056.htm,136056,"Venta de apartamento en Marbella, Panamá",Marbella,Marbella,zone_raw,"$226,000",226000,False,,2,1,52,venta,inmopanama.com,2026-07-03 00:08:08
https://www.inmopanama.com/venta-de-apartamento-azurre-ph-42-bella-vista_p-136008.htm,136008,"Venta de Apartamento Azurre PH 42, Bella Vista",Bella Vista,Bella Vista,zone_raw,"$222,062",222062,False,,1,1,80,venta,inmopanama.com,2026-07-03 00:08:14
https://www.inmopanama.com/venta-de-apartamentos-en-proyecto-amazonas-bella-vista_p-136030.htm,136030,"Venta de apartamentos en Proyecto Amazonas, Bella Vista",Bella Vista,Bella Vista,zone_raw,"$119,000",119000,False,,1,1,43,venta,inmopanama.com,2026-07-03 00:08:14
https://www.inmopanama.com/venta-de-apartamento-en-obarrio-panama_p-136023.htm,136023,"Venta de apartamento en Obarrio, Panamá",Obarrio,Obarrio,zone_raw,"$238,000",238000,False,,3,2,117,venta,inmopanama.com,2026-07-03 00:08:14
https://www.inmopanama.com/venta-de-apartamentos-en-proyecto-mova-residences-by-b-b-italy-obarrio_p-135955.htm,135955,"Venta de apartamentos en Proyecto MOVA Residences by B&B Italy, Obarri...",Obarrio,Obarrio,zone_raw,"$311,550",311550,False,,1,1,65,venta,inmopanama.com,2026-07-03 00:08:14
https://www.inmopanama.com/venta-de-apartamentos-en-the-walker-wellness-center-calle-50_p-135964.htm,135964,"Venta de apartamentos en The Walker Wellness Center, Calle 50",Bella Vista,Bella Vista,zone_raw,"$117,975",117975,False,,1,1,35,venta,inmopanama.com,2026-07-03 00:08:14
https://www.inmopanama.com/alquiler-de-apartamento-en-avenida-balboa_p-135741.htm,135741,Alquiler de Apartamento en Avenida Balboa,Avenida Balboa,bella-vista,pagina_scrapeada_no_resuelto,"$1,500",1500,False,,1,1,141,alquiler,inmopanama.com,2026-07-03 00:08:14
https://www.inmopanama.com/venta-de-apartamento-en-bella-vista_p-135691.htm,135691,Venta de Apartamento en Bella Vista,Bella Vista,Bella Vista,zone_raw,"$247,000",247000,False,,2,2,127,venta,inmopanama.com,2026-07-03 00:08:15
https://www.inmopanama.com/venta-de-apartamento-en-bella-vista_p-135726.htm,135726,Venta de Apartamento en Bella Vista,Bella Vista,Bella Vista,zone_raw,"$350,000",350000,False,,3,2,180,venta,inmopanama.com,2026-07-03 00:08:15
https://www.inmopanama.com/venta-de-apartamento-en-via-espana_p-135721.htm,135721,Venta de Apartamento en Vía España,Vía España,bella-vista,pagina_scrapeada_no_resuelto,"$170,000",170000,False,,3,2,79,venta,inmopanama.com,2026-07-03 00:08:15
https://www.inmopanama.com/venta-de-apartamento-en-avenida-balboa_p-139321.htm,139321,Venta de apartamento en Avenida Balboa,Avenida Balboa,bella-vista,pagina_scrapeada_no_resuelto,"$313,500",313500,False,,2,2,146,venta,inmopanama.com,2026-07-03 00:08:15
https://www.inmopanama.com/venta-de-apartamento-en-bella-vista_p-135796.htm,135796,Venta de Apartamento en Bella Vista,Bella Vista,Bella Vista,zone_raw,"$119,000",119000,False,,3,2,83,venta,inmopanama.com,2026-07-03 00:08:15
https://www.inmopanama.com/venta-de-apartamento-en-el-cangrejo_p-135815.htm,135815,Venta de Apartamento en El Cangrejo,El Cangrejo,El Cangrejo,zone_raw,"$285,000",285000,False,,3,2,194,venta,inmopanama.com,2026-07-03 00:08:15
https://www.inmopanama.com/se-vende-apartamento_p-137151.htm,137151,Se Vende Apartamento,Avenida Balboa,bella-vista,pagina_scrapeada_no_resuelto,"$450,000",450000,False,,4,0,333,venta,inmopanama.com,2026-07-03 00:08:15
https://www.inmopanama.com/apartamento-en-venta-en-bella-vista_p-140080.htm,140080,Apartamento en Venta en Bella Vista,Obarrio,Obarrio,zone_raw,"$175,000",175000,False,,2,1,,venta,inmopanama.com,2026-07-03 00:08:15
https://www.inmopanama.com/apartamento-en-venta-en-bella-vista_p-140081.htm,140081,Apartamento en Venta en Bella Vista,Obarrio,Obarrio,zone_raw,"$161,000",161000,False,,1,1,,venta,inmopanama.com,2026-07-03 00:08:15
https://www.inmopanama.com/apartamento-en-venta-en-bella-vista_p-141287.htm,141287,Apartamento en Venta en Bella Vista,Obarrio,Obarrio,zone_raw,"$168,000",168000,False,,1,1,,venta,inmopanama.com,2026-07-03 00:08:15
https://www.inmopanama.com/venta-de-apartamentos-en-ph-seaside-house-bella-vista_p-142881.htm,142881,"Venta de apartamentos en PH Seaside House, Bella Vista",Bella Vista,Bella Vista,zone_raw,"$269,050",269050,False,,2,2,,venta,inmopanama.com,2026-07-03 00:08:15
https://www.inmopanama.com/venta-de-apartamentos-en-ph-seaside-house-bella-vista_p-142882.htm,142882,"Venta de apartamentos en PH Seaside House, Bella Vista",Bella Vista,Bella Vista,zone_raw,"$235,450",235450,False,,1,1,,venta,inmopanama.com,2026-07-03 00:08:15
https://www.inmopanama.com/venta-de-apartamento-en-ph-vista-tower-bella-vista_p-142886.htm,142886,"Venta de apartamento en PH Vista Tower, Bella Vista",Bella Vista,Bella Vista,zone_raw,"$144,500",144500,False,,1,1,,venta,inmopanama.com,2026-07-03 00:08:15
https://www.inmopanama.com/venta-de-apartamento-con-linea-blanca-ph-condesa-del-mar-ave-balboa_p-142955.htm,142955,"Venta de apartamento con linea blanca PH Condesa del Mar, Ave. Balboa",Bella Vista,Bella Vista,zone_raw,"$520,000",520000,False,,3,3,,venta,inmopanama.com,2026-07-03 00:08:16
https://www.inmopanama.com/venta-de-apartamentos-de-2-habitaciones-en-ph-mova-obarrio_p-142858.htm,142858,"Venta de apartamentos de 2 habitaciones en PH Mova, Obarrio",Obarrio,Obarrio,zone_raw,"$467,900",467900,False,,2,2,,venta,inmopanama.com,2026-07-03 00:08:19
https://www.inmopanama.com/venta-de-apartamentos-de-3-habitaciones-en-ph-mova-obarrio_p-142859.htm,142859,"Venta de apartamentos de 3 habitaciones en PH Mova, Obarrio",Obarrio,Obarrio,zone_raw,"$645,225",645225,False,,3,3,,venta,inmopanama.com,2026-07-03 00:08:19
https://www.inmopanama.com/apartamentos-en-venta-en-el-cangrejo-panama_p-137066.htm,137066,"Apartamentos en Venta en el Cangrejo, Panamá",El Cangrejo,El Cangrejo,zone_raw,"$113,000",113000,False,,2,0,75,venta,inmopanama.com,2026-07-03 00:08:20
https://www.inmopanama.com/ph-yoo-venta-de-exclusivo-apartamento-de-lujo-en-avenida-balboa_p-137017.htm,137017,PH YOO  VENTA DE EXCLUSIVO APARTAMENTO DE LUJO EN AVENIDA BALBOA,Avenida Balboa,bella-vista,pagina_scrapeada_no_resuelto,"$1,000,000",1000000,False,,0,2,273,venta,inmopanama.com,2026-07-03 00:08:20
https://www.inmopanama.com/proyecto-amazonas-bella-vista_p-143003.htm,143003,Proyecto Amazonas  Bella Vista,Bella Vista,Bella Vista,zone_raw,"$129,000",129000,False,,1,1,463,venta,inmopanama.com,2026-07-03 00:08:20
https://www.inmopanama.com/venta-de-apartamento-en-obarrio_p-142997.htm,142997,Venta de apartamento en Obarrio,Obarrio,Obarrio,zone_raw,"$220,000",220000,False,,3,3,134,venta,inmopanama.com,2026-07-03 00:08:20
https://www.inmopanama.com/lujoso-proyecto-de-playa-a-las-afueras-de-la-ciudad_p-136553.htm,136553,Lujoso proyecto de playa a las afueras de la ciudad,Bella Vista,Bella Vista,zone_raw,"$350,000",350000,False,,2,0,80,venta,inmopanama.com,2026-07-03 00:08:20
https://www.inmopanama.com/centro-obarrio-exclusivo-studio-con-vista-a-la-ciudad-y-23-amenidades_p-143457.htm,143457,"Centro Obarrio, Exclusivo Studio con Vista a la Ciudad y 23 Amenidades",Obarrio,Obarrio,zone_raw,"$161,722",161722,False,,0,0,26,venta,inmopanama.com,2026-07-03 00:08:20
https://www.inmopanama.com/centro-obarrio-exclusivo-studio-con-vista-a-la-ciudad-y-23-amenidades_p-143456.htm,143456,"Centro Obarrio, Exclusivo Studio con Vista a la Ciudad y 23 Amenidades",Obarrio,Obarrio,zone_raw,"$180,519",180519,False,,0,0,31,venta,inmopanama.com,2026-07-03 00:08:20
https://www.inmopanama.com/se-vende-apartamento-en-avenida-balboa_p-143428.htm,143428,SE VENDE APARTAMENTO EN AVENIDA BALBOA,Bella Vista,Bella Vista,zone_raw,"$230,000",230000,False,,0,0,175,venta,inmopanama.com,2026-07-03 00:08:20
https://www.inmopanama.com/se-vende-edificio_p-143028.htm,143028,Se vende edificio,Vía España,bella-vista,pagina_scrapeada_no_resuelto,"$1,500,000",1500000,False,,0,0,,venta,inmopanama.com,2026-07-03 00:08:20
